24 | wdri33@yahoo.com | s.sukesi@gmail.com | passandapassanda
75 | frank.wright3@ntlworld.com | frank.wright3@ntlworld.com | frajon
74 | ij.hazell@ntlworld.com | rendynda@ymail.com | bella
70 | lgale82@yahoo.co.uk | lgale82@yahoo.co.uk | parisg
31 | steve@fluffyinternet.com | admin@fluffyinternet.com | passanda
1897 | angela@ljwilliams.freeserve.co.uk | angela@ljwilliams.freeserve.co.uk | Gandalf
71 | paulrlitton@hotmail.com | paulrlitton@hotmail.com | r34gtr
72 | bernadetteroche@eircom.net | bernadetteroche@eircom.net | duff24
73 | angeleyes26915@aol.com | angeleyes26915@aol.com | poppy
76 | barbarao44@hotmail.com | barbarao44@hotmail.com | K21K22K23
77 | alexcargill@hotmail.com | alexcargill@hotmail.com | ginty3
78 | home@emma.evesham.net | home@emma.evesham.net | charlie
79 | markheard3@incamail.com | markheard3@incamail.com
80 | natrishean@yahoo.co.uk | natrishean@yahoo.co.uk | hippies
81 | NETIAGUY@preece3999.freeserve.co.uk | NETIAGUY@preece3999.freeserve.co.uk
82 | paul.babskemp@btopenworld.com | paul.babskemp@btopenworld.com | frisp
83 | david_frith@bigfoot.com | david_frith@bigfoot.com
90 | traceyhellings@hotmail.com | traceyhellings@hotmail.com | matthew
85 | daniel.mclaughlin4@ntlworld.com | daniel.mclaughlin4@ntlworld.com | akthe1348
92 | joanne@barron127.fsnet.co.uk | joanne@barron127.fsnet.co.uk
89 | donnacross1@hotmail.com | donnacross1@hotmail.com | jakeco
91 | maureensouthern@aol.com | maureensouthern@aol.com | scooby
93 | Alison@edwards133.freeserve.co.uk | Alison@edwards133.freeserve.co.uk | 040464
94 | rebeccahicks62@hotmail.co.uk | rebeccahicks62@hotmail.co.uk | morris
95 | njstares@aol.com | njstares@aol.com | antelope
96 | darren.wall4@btopenworld.com | darren.wall4@btopenworld.com | ravetpoal
99 | munnochs@tesco.net | munnochs@tesco.net
98 | kevinbarrs@hotmail.com | kevinbarrs@hotmail.com
100 | kayway90@hotmail.com | kayway90@hotmail.com
101 | ccoughlan@chesser-auctioneers.ie | ccoughlan@chesser-auctioneers.ie
102 | FollandP@cardiff.ac.uk | FollandP@cardiff.ac.uk
103 | ethereal_ephemera@yahoo.co.uk | ethereal_ephemera@yahoo.co.uk
104 | blanket52@hotmail.com | blanket52@hotmail.com
105 | kirstiett@btopenworld.com | kirstiett@btopenworld.com
106 | saeed@salim6302.fsnet.co.uk | saeed@salim6302.fsnet.co.uk
107 | bensmith@bsmith8.fsnet.co.uk | bensmith@bsmith8.fsnet.co.uk
108 | whiteford4@aol.com | whiteford4@aol.com
109 | lynnreilly@btopenworld.com | lynnreilly@btopenworld.com
115 | Jjlgarner@aol.com | Jjlgarner@aol.com | thomas
114 | henryscellar@yahoo.co.uk | henryscellar@yahoo.co.uk
116 | mel@widdsigns.co.uk | mel@widdsigns.co.uk
117 | triciacrosfield48@hotmail.com | triciacrosfield48@hotmail.com
118 | shellbrunton2@aol.com | shellbrunton2@aol.com | spuggy
119 | hana@gray9991.freeserve.co.uk | hana@gray9991.freeserve.co.uk
120 | millssimon2@aol.com | millssimon2@aol.com
121 | shazdoc@tiscali.co.uk | shazdoc@tiscali.co.uk
122 | janet@united-99.freeserve.co.uk | janet@united-99.freeserve.co.uk
123 | rhona.acolatse@axa-sunlife.co.uk | rhona.acolatse@axa-sunlife.co.uk
124 | Clare@july1967.fsnet.co.uk | Clare@july1967.fsnet.co.uk
125 | andrewkbunn@lineone.net | andrewkbunn@lineone.net
126 | linxs1976@yahoo.com | linxs1976@yahoo.com | babyjai
127 | bernard@bmealing.freeserve.co.uk | bernard@bmealing.freeserve.co.uk
128 | vrichard@devon.gov.uk | vrichard@devon.gov.uk
129 | andrew@patrick36.freeserve.co.uk | andrew@patrick36.freeserve.co.uk
130 | croftgy@talk21.com | croftgy@talk21.com
131 | samoura78@yahoo.com | samoura78@yahoo.com
132 | claudettekenton@hotmail.com | claudettekenton@hotmail.com
133 | Tania.Pittiglio@rpa.gsi.gov.uk | Tania.Pittiglio@rpa.gsi.gov.uk
134 | petannerichards@btopenworld.com | petannerichards@btopenworld.com
135 | mindibus@aol.com | mindibus@aol.com
136 | peter@walker6278.fsbusiness.co.uk | peter@walker6278.fsbusiness.co.uk
137 | anne@le-cheminant.com | anne@le-cheminant.com
138 | viv.tonkin@pctonkin.co.uk | viv.tonkin@pctonkin.co.uk
139 | bperry1975@hotmail.com | bperry1975@hotmail.com
140 | trisha195744@fsmail.net | trisha195744@fsmail.net
141 | suebarlow2@hotmail.com | suebarlow2@hotmail.com
142 | g.f.spencer@btinternet.com | | vessey
143 | jlp@priest3553.freeserve.co.uk | jlp@priest3553.freeserve.co.uk
144 | barry@gribble5b.freeserve.co.uk | barry@gribble5b.freeserve.co.uk
145 | clairephimister@hotmail.com | clairephimister@hotmail.com
146 | neil@belindafoley.co.uk | neil@belindafoley.co.uk
147 | deby_wareing@hotmail.com | deby_wareing@hotmail.com
148 | sarah@spheasey.freeserve.co.uk | sarah@spheasey.freeserve.co.uk
149 | pennyhunt3@yahoo.co.uk | pennyhunt3@yahoo.co.uk | shop3drop
150 | Pateman_n@hotmail.com | Pateman_n@hotmail.com
151 | janet.ann1@lycos.com | janet.ann1@lycos.com
152 | lc010b6686@blueyonder.co.uk | lc010b6686@blueyonder.co.uk
153 | one2anne@msn.com | one2anne@msn.com
154 | DZEBERDEE@AOL.COM | DZEBERDEE@AOL.COM
155 | slaps1_uk@yahoo.co.uk | slaps1_uk@yahoo.co.uk
156 | ligginsboo@aol.com | ligginsboo@aol.com
157 | kerirowe@hotmail.com | kerirowe@hotmail.com
158 | robert.luther@wto.org | robert.luther@wto.org
159 | mahafwit@aol.com | mahafwit@aol.com
160 | becupere@hotmail.com | becupere@hotmail.com
161 | snellsalmonguru@aol.com | snellsalmonguru@aol.com
162 | julie_glanville@hotmail.com | julie_glanville@hotmail.com
163 | olivebradstock1@hotmail.com | olivebradstock1@hotmail.com
164 | StephThack@fsmail.net | StephThack@fsmail.net
165 | karosh19@aol.com | karosh19@aol.com
166 | rona.rowe@fsmail.net | rona.rowe@fsmail.net
167 | boogiesam@btinternet.com | boogiesam@btinternet.com | bessieboo
168 | davehock@ukonline.co.uk | davehock@ukonline.co.uk
169 | chris.dewen@ntlworld.com | chris.dewen@ntlworld.com | keeper
170 | pratalia@yahoo.co.uk | pratalia@yahoo.co.uk
171 | mcadamandrea@hotmail.com | mcadamandrea@hotmail.com
172 | hulbertkj@aol.co.uk | hulbertkj@aol.co.uk
173 | supasurf@excite.com | supasurf@excite.com
174 | gareth@grichings.fsnet.co.uk | gareth@grichings.fsnet.co.uk
175 | email@dianewhite.fslife.co.uk | email@dianewhite.fslife.co.uk
176 | kaadben@yahoo.com | kaadben@yahoo.com
177 | nomcn@aol.com | nomcn@aol.com
178 | carolg9@aol.com | carolg9@aol.com
179 | andi.ellis@ntlworld.com | andi.ellis@ntlworld.com
180 | estevan171@aol.com | estevan171@aol.com
181 | EDNAEDMILE@AOL.COM | EDNAEDMILE@AOL.COM
182 | wmarymwright@aol.com | wmarymwright@aol.com
183 | jagale@blueyonder.co.uk | jagale@blueyonder.co.uk
184 | qprmb@hotmail.com | qprmb@hotmail.com
185 | grahshl@aol.com | grahshl@aol.com
186 | susan.lamb@whsmithnet.co.uk | susan.lamb@whsmithnet.co.uk
187 | KENSUE8170@msn.com | KENSUE8170@msn.com
188 | trishrobertson@ntlworld.com | trishrobertson@ntlworld.com
189 | rainbow3591@fsmail.net | rainbow3591@fsmail.net
190 | julie@brearton2980.freeserve.co.uk | julie@brearton2980.freeserve.co.uk
191 | angelantreacy@hotmail.com | angelantreacy@hotmail.com
192 | leeg69@msn.com | leeg69@msn.com
193 | caroline.lueder@simmons-simmons.com | caroline.lueder@simmons-simmons.com
194 | ang0371@hotmail.com | ang0371@hotmail.com
195 | bellebomb@hotmail.com | bellebomb@hotmail.com
196 | jenx@blueyonder.co.uk | jenx@blueyonder.co.uk
197 | e@devconnex.net | e@devconnex.net
198 | georgiacostigan@lycos.com | georgiacostigan@lycos.com
200 | jenny@cliffparade.fsnet.co.uk | jenny@cliffparade.fsnet.co.uk
202 | mabl@milligan14.fsnet.co.uk | mabl@milligan14.fsnet.co.uk
203 | paulandjudy@hollycott.fsnet.co.uk | paulandjudy@hollycott.fsnet.co.uk
204 | clare.nettleship@ntlworld.com | clare.nettleship@ntlworld.com
205 | millscato@aol.com | millscato@aol.com | tiacople25
206 | yonatty2000@yahoo.co.uk | yonatty2000@yahoo.co.uk
207 | carolemass@hotmail.com | carolemass@hotmail.com | massimo
208 | paula.silcock@rusch.co.uk | paula.silcock@rusch.co.uk
209 | duoreejudith1@hotmail.com | duoreejudith1@hotmail.com
210 | stevejbarron@aol.com | stevejbarron@aol.com
211 | moggie1@activemail.co.uk | moggie1@activemail.co.uk
212 | nethercraig@lineone.net | nethercraig@lineone.net
213 | kinkykiss40@hotmail.com | kinkykiss40@hotmail.com
214 | KAREN.DALTREY@NTLWORLD.COM | KAREN.DALTREY@NTLWORLD.COM
215 | BRNPATT@AOL.COM | BRNPATT@AOL.COM
216 | janjen60@aol.com | janjen60@aol.com
217 | SIMON@SRG1.FSNET.CO.UK | SIMON@SRG1.FSNET.CO.UK
218 | Macde22@hotmail.com | Macde22@hotmail.com
219 | atrorey@hotmail.com | atrorey@hotmail.com
220 | CSUSAN785@AOL.COM | CSUSAN785@AOL.COM
221 | slb@postmaster.co.uk | slb@postmaster.co.uk
222 | EMMA1WILLIAMS@AOL.COM | EMMA1WILLIAMS@AOL.COM
223 | mo.kuszewski@talk21.com | mo.kuszewski@talk21.com
224 | MurielAMann@aol.com | MurielAMann@aol.com | Charlie1
225 | ourleanne45@hotmail.com | ourleanne45@hotmail.com
226 | lois.boosey@fao.org | lois.boosey@fao.org
227 | CELIA.P@NTLWORLD.COM | CELIA.P@NTLWORLD.COM
228 | jennystringer@blueyonder.co.uk | jennystringer@blueyonder.co.uk
229 | lizpawsey@waitrose.com | lizpawsey@waitrose.com
230 | karen@brownandforth.co.uk | karen@brownandforth.co.uk | cilprelatper
231 | stephanie.coward@aniteps.com | stephanie.coward@aniteps.com
232 | elli.wilson@tinyworld.co.uk | elli.wilson@tinyworld.co.uk
233 | sarah581@aol.com | sarah581@aol.com
234 | jayohay@aol.com | jayohay@aol.com
235 | blue_eyed__2@hotmail.com | blue_eyed__2@hotmail.com
236 | coldsnow_69@hotmail.com | coldsnow_69@hotmail.com
237 | khewitt@propoint.com | khewitt@propoint.com
238 | carolynmdiamond@hotmail.com | carolynmdiamond@hotmail.com
239 | julie.parker@rossbank.co.uk | julie.parker@rossbank.co.uk
240 | phil.hoey@talk21.com | phil.hoey@talk21.com
241 | simonjgaunt@yahoo.co.uk | simonjgaunt@yahoo.co.uk
242 | nat_scatty@hotmail.com | nat_scatty@hotmail.com
243 | reggie69elliott@aol.com | reggie69elliott@aol.com
244 | tracey.glover1@tiscali.co.uk | tracey.glover1@tiscali.co.uk
245 | l.snape@unison.co.uk | l.snape@unison.co.uk
246 | garmo@lineone.net | garmo@lineone.net
247 | lynnettehoule@tiscali.co.uk | lynnettehoule@tiscali.co.uk
248 | janbrand999@hotmail.com | janbrand999@hotmail.com
249 | jaki@gaden.fslife.co.uk | jaki@gaden.fslife.co.uk
250 | gaab@fairdial.co.uk | gaab@fairdial.co.uk
251 | MJEFFREYSMITH@AOL.COM | MJEFFREYSMITH@AOL.COM
252 | samdomie@yahoo.com | samdomie@yahoo.com
253 | shallcross@manx.net | shallcross@manx.net
254 | jo_ellender@tiscali.co.uk | jo_ellender@tiscali.co.uk | uplands
255 | complij@aol.com | complij@aol.com
256 | diana@bakernoel.co.uk | diana@bakernoel.co.uk
257 | jlg84@hotmail.com | jlg84@hotmail.com
258 | marilynstempson@tiscali.co.uk | marilynstempson@tiscali.co.uk
259 | kerrywinter@tesco.com | kerrywinter@tesco.com
260 | bevcollingwood@aol.com | bevcollingwood@aol.com
261 | maria.omahony1@btopenworld.com | maria.omahony1@btopenworld.com
262 | anne_watkin@hotmail.com | anne_watkin@hotmail.com
263 | pandlmetcalfe@hotmail.com | pandlmetcalfe@hotmail.com
264 | jaksfam@aol.com | jaksfam@aol.com
265 | chigsmurf@aol.com | chigsmurf@aol.com | smurf
266 | tom_rach03@btopenworld.com | tom_rach03@btopenworld.com
267 | cvilliers7@hotmail.com | cvilliers7@hotmail.com
268 | aloufy99@yahoo.co.uk | aloufy99@yahoo.co.uk
269 | cafelton@bushinternet.com | cafelton@bushinternet.com
271 | gentian100@msn.com | gentian100@msn.com
272 | pudslj@yahoo.co.uk | pudslj@yahoo.co.uk
273 | andyww14@hotmail.com | andyww14@hotmail.com
274 | caroldyer@stroudcol.ac.uk | caroldyer@stroudcol.ac.uk
275 | tracey.cossar@acu.org.uk | tracey.cossar@acu.org.uk
276 | rvnhllc@aol.com | rvnhllc@aol.com
277 | ciaomc2002@hotmail.co.uk | ciaomc2002@hotmail.co.uk | federation
278 | w.hunter@ntlworld.com | w.hunter@ntlworld.com
279 | daniel_houghton@hotmail.com | daniel_houghton@hotmail.com
280 | lynettebenford@aol.com | lynettebenford@aol.com
281 | zi_wei@hotmail.com | zi_wei@hotmail.com
282 | susannacampbell@yahoo.co.uk | susannacampbell@yahoo.co.uk
283 | Pateman_@hotmail.com | Pateman_@hotmail.com
284 | oboolobo@yahoo.com | oboolobo@yahoo.com
285 | juliestallard@hotmail.com | juliestallard@hotmail.com
286 | moore.k@ocr.org.uk | moore.k@ocr.org.uk
287 | jacqui@cbf-essex.co.uk | jacqui@cbf-essex.co.uk
288 | deano23670@aol.com | deano23670@aol.com
289 | neilheslop@hotmail.com | neilheslop@hotmail.com
290 | aliceingham@aol.com | aliceingham@aol.com
291 | lesley.ellesley@informa.com | lesley.ellesley@informa.com
292 | yvonn55@yahoo.com | yvonn55@yahoo.com
293 | sharonminaudo311@hotmail.com | sharonminaudo311@hotmail.com
294 | xxsherrylipsxx@aol.com | xxsherrylipsxx@aol.com
295 | DaveSineFord@aol.com | DaveSineFord@aol.com | hannah
296 | maria.mclean@whsmithnet.co.uk | maria.mclean@whsmithnet.co.uk
297 | klwhite73@hotmail.com | klwhite73@hotmail.com
298 | joanenglish@2001yahoo.com | joanenglish@2001yahoo.com
299 | JeanCbrjean@aol.com | JeanCbrjean@aol.com
300 | Karen.Mitchell3@btinternet.com | Karen.Mitchell3@btinternet.com | Kermit
301 | geoffbott@btinternet.com | geoffbott@btinternet.com
302 | lisa.rob@ukonline.co.uk | lisa.rob@ukonline.co.uk
303 | mags@catz1.freeserve.co.uk | mags@catz1.freeserve.co.uk
304 | valjohnkeo@aol.com | valjohnkeo@aol.com
305 | tinambale@aol.com | tinambale@aol.com
306 | loutheangel@hotmail.com | loutheangel@hotmail.com
307 | robshaw@st87bb.fsnet.co.uk | robshaw@st87bb.fsnet.co.uk
308 | Mrsmarjfish@aol.com | Mrsmarjfish@aol.com
309 | mgtspence@hyval.fsnet.co.uk | mgtspence@hyval.fsnet.co.uk
310 | eileen.meanley@ntlworld.com | eileen.meanley@ntlworld.com
311 | deeeastlake@aol.com | deeeastlake@aol.com
312 | gavjoscott@btopenworld.com | gavjoscott@btopenworld.com
313 | steve.vale@ntlworld.com | steve.vale@ntlworld.com
314 | lyndamoorlands@aol.com | lyndamoorlands@aol.com
315 | SHADEKILANI@HOTMAIL.COM | SHADEKILANI@HOTMAIL.COM
316 | lisa.wynes@freeserve.co.uk | lisa.wynes@freeserve.co.uk
317 | dawn_jackson382@hotmail.com | dawn_jackson382@hotmail.com
318 | LillyG_18@fsmail.net | LillyG_18@fsmail.net
319 | Sparshott@aol.com | Sparshott@aol.com | jaguar
320 | sophie_granville@lycos.co.uk | sophie_granville@lycos.co.uk
321 | pstockwell1@aol.com | pstockwell1@aol.com
322 | littlepeachy2003@msn.com | littlepeachy2003@msn.com
323 | jairowe@aol.com | jairowe@aol.com
324 | polgara@talk21.com | polgara@talk21.com
325 | Christine@cacollyer.freeserve.co.uk | Christine@cacollyer.freeserve.co.uk
326 | post@spartansafetywear.co.uk | post@spartansafetywear.co.uk
327 | judith.garfield@newham.gov.uk | judith.garfield@newham.gov.uk
328 | macsiteworks@supanet.com | macsiteworks@supanet.com
329 | MarinaArno@aol.com | MarinaArno@aol.com
330 | chriskwasniewski@whsmithnet.co.uk | chriskwasniewski@whsmithnet.co.uk
331 | juliepassmore1@aol.com | juliepassmore1@aol.com
332 | geraldine.trafford@ntlworld.com | geraldine.trafford@ntlworld.com | ciaran
333 | jillcooper@hotmail.com | jillcooper@hotmail.com
334 | cl-ca@tiscali.co.uk | cl-ca@tiscali.co.uk
335 | Anand147@hotmail.com | Anand147@hotmail.com
336 | sp.evans@btinternet.com | sp.evans@btopenworld.com | stingray9
337 | aprilandtasha@hotmail.com | aprilandtasha@hotmail.com
338 | gaynor@gcw1.freeserve.co.uk | gaynor@gcw1.freeserve.co.uk
339 | conchitaburn_1@hotmail.com | conchitaburn_1@hotmail.com
340 | patricia@pdeath.freeserve.co.uk | patricia@pdeath.freeserve.co.uk
341 | mummyhowe@hotmail.com | mummyhowe@hotmail.com
342 | danglingmick@tiscali.co.uk | danglingmick@tiscali.co.uk
343 | knivetons@btopenworld.com | knivetons@btopenworld.com | lesandjoan
344 | laverne@onetel.net | laverne@onetel.net
345 | allen_gail@btinternet.com | allen_gail@btinternet.com
346 | chelley1@ntlworld.com | chelley1@ntlworld.com
347 | isobel.mcwilliams@desmond.co.uk | isobel.mcwilliams@desmond.co.uk
348 | ssmithgate9@aol.com | ssmithgate9@aol.com | barney
349 | moa@aber.ac.uk | moa@aber.ac.uk
350 | fiona.galleway@celltechgroup.com | fiona.galleway@celltechgroup.com
351 | linxs1976@yahoo.co.uk | linxs1976@yahoo.co.uk
352 | a-mclellan@dfid.gov.uk | a-mclellan@dfid.gov.uk
353 | tahmina1243@yahoo.co.uk | tahmina1243@yahoo.co.uk
354 | azareth196@aol.com | azareth196@aol.com
355 | jorichi1976@hotmail.com | jorichi1976@hotmail.com
356 | bethan@gwel-y-fenai.fsnet.co.uk | bethan@gwel-y-fenai.fsnet.co.uk
357 | mary.smith403@ntlworld.com | mary.smith403@ntlworld.com
358 | EMMA921@MSN.COM | EMMA921@MSN.COM
359 | joanne@wilson124.freeserve.co.uk | joanne@wilson124.freeserve.co.uk
360 | maidenoz@maidenoz.fsnet.co.uk | maidenoz@maidenoz.fsnet.co.uk
361 | jeb1_@hotmail.com | jeb1_@hotmail.com
362 | M.Carville@qub.ac.uk | M.Carville@qub.ac.uk
363 | jmorris@huddcoll.ac.uk | jmorris@huddcoll.ac.uk
364 | jackie.rubery@bakertilly.co.uk | jackie.rubery@bakertilly.co.uk
365 | enquire@stokedamerel.biblio.net | enquire@stokedamerel.biblio.net
366 | rosirtyson2@aol.com | rosirtyson2@aol.com
367 | abraven@aol.com | abraven@aol.com
368 | hevcantwell@yahoo.com | hevcantwell@yahoo.com
369 | tara@easytan.fsnet.co.uk | tara@easytan.fsnet.co.uk
370 | isaacblitz@aol.com | isaacblitz@aol.com
371 | dianahart@tesco.net | dianahart@tesco.net
372 | tcross@hertreg.ac.uk | tcross@hertreg.ac.uk
373 | Kberrybuzz@ntlworld.com | Kberrybuzz@ntlworld.com
374 | tim.harrington@camerontaylor.co.uk | tim.harrington@camerontaylor.co.uk
375 | denise.martin.@barnsley.ac.uk | denise.martin.@barnsley.ac.uk
376 | gina.winning@lansing-linde.co.uk | gina.winning@lansing-linde.co.uk
377 | kerryknightbaker@hotmail.com | kerryknightbaker@hotmail.com
378 | brandybof@aol.com | brandybof@aol.com | hospital
379 | Rocksfarm@aol.com | Rocksfarm@aol.com
381 | afshan.rathore@scottishwater.co.uk | afshan.rathore@scottishwater.co.uk
382 | rigasmaxine@aol.com | rigasmaxine@aol.com
383 | dodgykev@aol.com | dodgykev@aol.com
384 | caroline@gothic69.fsnet.co.uk | caroline@gothic69.fsnet.co.uk
385 | denise983@hotmail.com | denise983@hotmail.com
386 | joshhursty@aol.com | joshhursty@aol.com
387 | gmy600@hotmail.com | gmy600@hotmail.com
388 | kburwell@tiscali.co.uk | kburwell@tiscali.co.uk
390 | jane@dingleydell.freeserve.co.uk | jane@dingleydell.freeserve.co.uk
391 | karen.mcarthur@prudential.co.uk | karen.mcarthur@prudential.co.uk
392 | alison@thejackson4.freeserve.co.uk | alison@thejackson4.freeserve.co.uk
393 | moresho@aol.com | moresho@aol.com | halfpint
394 | hayley@annthomson.fsnet.co.uk | hayley@annthomson.fsnet.co.uk
395 | bridget_humphries@hotmail.com | bridget_humphries@hotmail.com
396 | liverpoollou2046@aol.com | liverpoollou2046@aol.com
397 | finesgimli@aol.com | finesgimli@aol.com
398 | apeall@aol.com | apeall@aol.com
399 | ffellman@hotmail.com | ffellman@hotmail.com
400 | jen@justicereview.co.uk | jen@justicereview.co.uk
401 | SAM@RUDYARD64.FREESERVE.CO.UK | SAM@RUDYARD64.FREESERVE.CO.UK
402 | andy@tedbaker.fsnet.co.uk | andy@tedbaker.fsnet.co.uk | charlie
403 | ronpasso@ntlworld.com | ronpasso@ntlworld.com
404 | JuneMcCaherty@aol.com | JuneMcCaherty@aol.com
405 | timbev@wicksb.freeserve.co.uk | timbev@wicksb.freeserve.co.uk
406 | karenmclaughlin@antoniasattic.fsnet.co.uk | karenmclaughlin@antoniasattic.fsnet.co.uk
407 | colinharrop@AOL.com | colinharrop@AOL.com
408 | jamesalex4@hotmail.com | jamesalex4@hotmail.com
409 | karenanne23@tiscali.co.uk | karenanne23@tiscali.co.uk
410 | eszterwatt@aol.com | eszterwatt@aol.com
411 | rawatson15@hotmail.com | rawatson15@hotmail.com
412 | hasi_patel@appliedbiosystems.com | hasi_patel@appliedbiosystems.com
413 | zxplen@aol.com | zxplen@aol.com
414 | jsthomson@tiscali.co.uk | jsthomson@tiscali.co.uk
415 | robertedb@aol.com | robertedb@aol.com
416 | annie5bs@fsmail.net | annie5bs@fsmail.net
417 | hotfox@tiscali.co.uk | hotfox@tiscali.co.uk
418 | mairi.taylor@lineone.net | mairi.taylor@lineone.net
419 | fran@crossways21750.freeserve.co.uk | fran@crossways21750.freeserve.co.uk
420 | sweetpieready4u@yahoo.com | sweetpieready4u@yahoo.com
421 | RedEric67Percent@hotmail.com | RedEric67Percent@hotmail.com
422 | TheOzric@hotmail.com | TheOzric@hotmail.com
423 | sheilaadair@aol.com | sheilaadair@aol.com
424 | rae@rankin30.fslife.co.uk | rae@rankin30.fslife.co.uk
425 | caz@ballantyne8013.freeserve.co.uk | caz@ballantyne8013.freeserve.co.uk
426 | Fsim397721@aol.com | Fsim397721@aol.com
427 | kmccracken@tesco.net | kmccracken@tesco.net
428 | rymndbtlr@aol.com | rymndbtlr@aol.com
429 | john@stanleyremovals.freeserve.co.uk | john@stanleyremovals.freeserve.co.uk
430 | jpasternak@hotmail.com | jpasternak@hotmail.com
431 | trevor@beighton653.fsnet.co.uk | trevor@beighton653.fsnet.co.uk
432 | magsnmarty@bushinternet.com | magsnmarty@bushinternet.com
433 | FoleyAutogas@aol.com | FoleyAutogas@aol.com
434 | middi@katie22.karoo.co.uk | middi@katie22.karoo.co.uk
435 | k.cleave@btinternet.com | k.cleave@btinternet.com
436 | LINDA.MATTHEWS@TAKLK21.COM | LINDA.MATTHEWS@TAKLK21.COM
437 | helewods@aol.com | helewods@aol.com
438 | marybrookes@tiscali.co.uk | marybrookes@tiscali.co.uk
439 | michelle356@msn.com | michelle356@msn.com
440 | hpatters27@hotmail.com | hpatters27@hotmail.com | penguins
441 | south.prioryl@virgin.net | south.prioryl@virgin.net
442 | freddief99@yahoo.co.uk | freddief99@yahoo.co.uk | fishcakes
443 | jb007e8558@blueyonder.co.uk | jb007e8558@blueyonder.co.uk
444 | Raynor@briggs75.freeserveco.uk | Raynor@briggs75.freeserveco.uk
445 | sandra.dudley@ctcplc.com | sandra.dudley@ctcplc.com
446 | kate.swinbourne@fiammuk.co.uk | kate.swinbourne@fiammuk.co.uk
447 | andrew.middleton@benfieldgroup.com | andrew.middleton@benfieldgroup.com | smeggers
448 | erin2cool@bushinternet.com | erin2cool@bushinternet.com
449 | lynn.les@blueyonderco.uk | lynn.les@blueyonderco.uk
450 | snorridog@aol.com | snorridog@aol.com
451 | djaclson@comjack.fsnet.co.uk | djaclson@comjack.fsnet.co.uk
452 | praful@praful99.freeserve.co.uk | praful@praful99.freeserve.co.uk
453 | amandanichols@blueyonder.co.uk | amandanichols@blueyonder.co.uk
454 | billchettle@lineone.net | billchettle@lineone.net
457 | chrisdene@hotmail.com | chrisdene@hotmail.com
458 | RR010B6442@BLUEYONDER.CO.UK | RR010B6442@BLUEYONDER.CO.UK
459 | iain@iles.co.uk | iain@iles.co.uk
460 | JANICE.DAWSON@DETINI.GOV.UK | JANICE.DAWSON@DETINI.GOV.UK
461 | suzysu100@aol.com | suzysu100@aol.com
462 | cookemik@aol.com | cookemik@aol.com
463 | fred@thebrook1.fsnet.co.uk | fred@thebrook1.fsnet.co.uk
464 | karenrreid@hotmail.com | karenrreid@hotmail.com
465 | paulward@castanea.freeserve.co.uk | paulward@castanea.freeserve.co.uk
466 | nathara1@hotmail.com | nathara1@hotmail.com
467 | irene@irenelyford.com | irene@irenelyford.com
468 | margaret@paterson5476.freeserve.co.uk | margaret@paterson5476.freeserve.co.uk
469 | saleh@kenya.com | saleh@kenya.com
470 | Angela.emans@direct-holidays.co.uk | Angela.emans@direct-holidays.co.uk
471 | lucy.gladding@ntlworld.com | lucy.gladding@ntlworld.com
472 | janiceweston_1@hotmail.com | janiceweston_1@hotmail.com
473 | teresaglister@aol.com | teresaglister@aol.com
474 | mand1975@hotmail.com | mand1975@hotmail.com
475 | julia.gamesby@uk.ibm.com | julia.gamesby@uk.ibm.com
476 | home399405@ntlworld.com | home399405@ntlworld.com
477 | foxydemon@tiscali.co.uk | foxydemon@tiscali.co.uk
478 | bs001g5645@blueyonder.co.uk | bs001g5645@blueyonder.co.uk
479 | DianeSaville@fsmail.net | DianeSaville@fsmail.net
480 | Roseim100@hotmail.com | Roseim100@hotmail.com
481 | qfm1now@breathe.com | qfm1now@breathe.com | cilckwaycom
482 | bbennett06@hotmail.com | bbennett06@hotmail.com
483 | clairelt09@aol.com | clairelt09@aol.com
484 | annette@laneb.freeserve.co.uk | annette@laneb.freeserve.co.uk
485 | Owston.Sue@Virgin.net | Owston.Sue@Virgin.net
486 | BT@dellar276.fsnet.co.uk | BT@dellar276.fsnet.co.uk
487 | talk2paul@hotmail.com | talk2paul@hotmail.com
488 | lisacosycorner@aol.com | lisacosycorner@aol.com
489 | ROYALAUCLAIR@AOL.COM | ROYALAUCLAIR@AOL.COM
490 | hanalucy@hotmail.com | hanalucy@hotmail.com
491 | kimtaylor1971@hotmail.com | kimtaylor1971@hotmail.com
492 | helenecollis@aol.com | helenecollis@aol.com
493 | joycew@clara.co.uk | joycew@clara.co.uk
494 | keithwilliams7@aol.com | keithwilliams7@aol.com
495 | carolbarker1@msn.com | carolbarker1@msn.com | wallinger
496 | ella.barber@btinternet.com | ella.barber@btinternet.com
497 | BAMSCHOOL@TALK21.COM | BAMSCHOOL@TALK21.COM
498 | jane@mriww-amg.com | jane@mriww-amg.com
499 | harrietsellens@hotmail.com | harrietsellens@hotmail.com
500 | dctjdmj45@aol.com | dctjdmj45@aol.com
501 | sylviaprice650@hotmail.com | sylviaprice650@hotmail.com
502 | redqueen@blueyonder.co.uk | redqueen@blueyonder.co.uk
503 | lc015b7658@blueyonder.co.uk | lc015b7658@blueyonder.co.uk
504 | Voodson@ic24.net | Voodson@ic24.net
505 | joannemichaelfai@aol.com | joannemichaelfai@aol.com
506 | lisa.fisher@ogier.com | lisa.fisher@ogier.com
507 | Leisha0791@aol.com | Leisha0791@aol.com
508 | hhpoochdog@aol.com | hhpoochdog@aol.com
509 | gventour@hotmail.com | gventour@hotmail.com
510 | lambinn@talk21.com | lambinn@talk21.com
511 | vbug@lycos.co.uk | vbug@lycos.co.uk
512 | kennyw@bp.com | kennyw@bp.com
513 | kbouteloupt@hotmail.com | kbouteloupt@hotmail.com
514 | mk@burkat18.fsnet.co.uk | mk@burkat18.fsnet.co.uk
515 | Froggy.french@tiscali.co.uk | Froggy.french@tiscali.co.uk
516 | peterpbm@tiscali.co.uk | peterpbm@tiscali.co.uk
517 | YGILMOUR@AOL.COM | YGILMOUR@AOL.COM
518 | bishopjillian@hotmail.com | bishopjillian@hotmail.com
519 | CAMLATTTS@aol.com | CAMLATTTS@aol.com
520 | CAMLATTS@aol.com | CAMLATTS@aol.com | brookdrive14
521 | kellyseamusa@eircom.net | kellyseamusa@eircom.net
522 | hannah630f@aol.com | hannah630f@aol.com
523 | andrea_elson@yahoo.com | andrea_elson@yahoo.com
524 | shashi.gupta@vodafone.com | shashi.gupta@vodafone.com
525 | cathy@shankillpartnership.com | cathy@shankillpartnership.com
526 | cathy@shankilpartnership.com | cathy@shankilpartnership.com
527 | emmaleinster@msn.com | emmaleinster@msn.com
528 | twyatt24367@aol.com | twyatt24367@aol.com
529 | franco@brim1488.fsnet.co.uk | franco@brim1488.fsnet.co.uk
530 | MRME2874@AOL.COM | MRME2874@AOL.COM
531 | kazlw@aol.com | kazlw@aol.com
532 | Lyn Cleary@fcfb.bham.org.uk | Lyn Cleary@fcfb.bham.org.uk
533 | susan@barrington-pratt141.fsnet.co.uk | susan@barrington-pratt141.fsnet.co.uk
534 | dawson090369@aol.com | dawson090369@aol.com
535 | karen@nuttall0605.freeserve.co.uk | karen@nuttall0605.freeserve.co.uk
536 | julieirvine@tiscali.co.uk | julieirvine@tiscali.co.uk
537 | rf1926@hotmail.com | rf1926@hotmail.com
538 | cathiennis@fsmail.net | cathiennis@fsmail.net
539 | robert.driscoll@btinternet.com | robert.driscoll@btinternet.com
540 | pinkyblare@yahoo.co.uk | pinkyblare@yahoo.co.uk
541 | znopondo@hotmail.com | znopondo@hotmail.com
542 | lundd@bwfprofiles.co.uk | lundd@bwfprofiles.co.uk
543 | kingle@mccain.co.uk | kingle@mccain.co.uk
544 | thedents23@hotmail.com | thedents23@hotmail.com
545 | sean.farmer@premierfoods.co.uk | sean.farmer@premierfoods.co.uk
546 | smdavis121@hotmail.com | smdavis121@hotmail.com
547 | anf_5@msn.com | anf_5@msn.com
548 | MARKW784@AOL.COM | MARKW784@AOL.COM
549 | danjones@margampark.freeserve.co.uk | danjones@margampark.freeserve.co.uk
550 | bobbydavies28@aol.com | bobbydavies28@aol.com
551 | th153@aol.com | th153@aol.com
552 | SarahLouiseJ@yahoo.co.uk | SarahLouiseJ@yahoo.co.uk
553 | berniceckelly@aol.com | berniceckelly@aol.com
554 | ann@muir50.freeserve.co.uk | ann@muir50.freeserve.co.uk
555 | rossettegirl@aol.com | rossettegirl@aol.com
556 | kayfparkin@aol.com | kayfparkin@aol.com
557 | etfromgt@msn.com | etfromgt@msn.com | erlerak43
558 | chris@john-singh.freeserve.co.uk | chris@john-singh.freeserve.co.uk
559 | Ktonyleigh@aol.com | Ktonyleigh@aol.com
560 | mau252@aol.com | mau252@aol.com | bookworm
561 | jokaz50@gmail.com | | scampa44
562 | 60996@TISCALI.CO.UK | 60996@TISCALI.CO.UK
563 | steve@stevecastle.fsnet.co.uk | steve@stevecastle.fsnet.co.uk
564 | t.ferguson1@ntlworld.com | t.ferguson1@ntlworld.com
565 | lorrainehollister@yahoo.co.uk | lorrainehollister@yahoo.co.uk
566 | Valm1049@aol.com | Valm1049@aol.com
567 | sarah@ukscuba.com | sarah@ukscuba.com
568 | mickbartle@aol.com | mickbartle@aol.com
569 | star4eva@msn.com | star4eva@msn.com | scooter
570 | Flora@mcminnf.freeserve.co.uk | Flora@mcminnf.freeserve.co.uk
571 | PAULSHARLENE@PAULSHARLENE.FSNET.CO.UK | PAULSHARLENE@PAULSHARLENE.FSNET.CO.UK
572 | mooredivin@eurobell.co.uk | mooredivin@eurobell.co.uk
573 | minx952@aol.com | minx952@aol.com
574 | metoro6473@aol.com | metoro6473@aol.com
575 | helen.thompson30@ntlworld.com | helen.thompson30@ntlworld.com
576 | debrahubbard@hotmail.com | | password
577 | gafyn@darby66.fsnet.co.uk | gafyn@darby66.fsnet.co.uk
578 | nigeljennings-8@msn.com | nigeljennings-8@msn.com
579 | NELLYBLI@HOTMAIL.COM | NELLYBLI@HOTMAIL.COM
580 | linda_wright_uk@hotmail.com | linda_wright_uk@hotmail.com
581 | charlesdifton@tiscali.co.uk | charlesdifton@tiscali.co.uk
582 | tracey205@aol.com | tracey205@aol.com
583 | bobmartinus@btinternet.com | bobmartinus@btinternet.com
584 | rameshtas@aol.com | rameshtas@aol.com
585 | Corrina_sheward@talk21.com | Corrina_sheward@talk21.com
586 | martin.beasley2@ntlworld.com | martin.beasley2@ntlworld.com
587 | dd_s5@hotmail.com | dd_s5@hotmail.com
588 | allanandcarmel@martin1200.fsbusiness.co.uk | allanandcarmel@martin1200.fsbusiness.co.uk
589 | amandadaly77@hotmail.com | amandadaly77@hotmail.com
590 | peterhano@hotmail.com | peterhano@hotmail.com
591 | lynne2701@hotmail.com | lynne2701@hotmail.com
592 | taf@flame97.fsnet.co.uk | taf@flame97.fsnet.co.uk
593 | jodienwez@aol.com | jodienwez@aol.com
594 | ceridenman@hotmail.com | ceridenman@hotmail.com
595 | annfoxgold@aol.com | annfoxgold@aol.com
596 | traemc100@aol.com | traemc100@aol.com
597 | nikolamsmith@hotmail.com | nikolamsmith@hotmail.com
598 | bigesh2@msn.com | bigesh2@msn.com
599 | lyndseymac42@hotmail.com | lyndseymac42@hotmail.com
600 | bradpittsarmpit@aol.com | bradpittsarmpit@aol.com
601 | sdh@hodgkinson732.fsnet.co.uk | sdh@hodgkinson732.fsnet.co.uk
602 | mella33@eloveday.evesaha.net | mella33@eloveday.evesaha.net
604 | Sjan400@aol.com | Sjan400@aol.com
605 | lois_paul@sharples2003.freeserve.co.uk | lois_paul@sharples2003.freeserve.co.uk
606 | sseanpearce5@aol.com | sseanpearce5@aol.com
607 | mella33@eloveday.evesham.net | mella33@eloveday.evesham.net
608 | ranamusic@hotmail.com | ranamusic@hotmail.com
609 | carmelbiggs@hotmail.com | carmelbiggs@hotmail.com
610 | linda.penfold@ntlworld.com | linda.penfold@ntlworld.com
611 | ANDYPANDEMONIUM@AOL.COM | ANDYPANDEMONIUM@AOL.COM
612 | mannagadalla@lineone.net | mannagadalla@lineone.net
613 | jacquikeohane23@hotmail.com | jacquikeohane23@hotmail.com
614 | gerard.mcdade@ntlworld.com | gerard.mcdade@ntlworld.com
615 | claudieparker@hotmail.com | claudieparker@hotmail.com
616 | sweetsoulfeeling@aol.com | sweetsoulfeeling@aol.com
617 | Yvonne@garland13.freeserve.co.uk | Yvonne@garland13.freeserve.co.uk
618 | ann.wells@htv-wales.co.uk | ann.wells@htv-wales.co.uk
619 | nickybarker2@blueyonder.co.uk | nickybarker2@blueyonder.co.uk
620 | tofieldj@aol.com | tofieldj@aol.com
621 | kevinspowart@hotmail.com | kevinspowart@hotmail.com
622 | nanny@graves340.fsnet.co.uk | nanny@graves340.fsnet.co.uk
623 | michlou@tearall.fsworld.co.uk | michlou@tearall.fsworld.co.uk | louise
624 | annebeckham007@hotmail.com | annebeckham007@hotmail.com
625 | catherine@downey93.freeserve.co.uk | catherine@downey93.freeserve.co.uk
626 | westerlunda@aol.co.uk | westerlunda@aol.co.uk
627 | bobcobham@ntlworld.com | bobcobham@ntlworld.com
628 | LORRAINE.GREEN@BHF-BANK.CO.UK | LORRAINE.GREEN@BHF-BANK.CO.UK
629 | gclegguk@yahoo.co.uk | gclegguk@yahoo.co.uk
630 | dougal1970@hotmail.com | dougal1970@hotmail.com
631 | babkelbar@aol.com | babkelbar@aol.com
632 | ronniez@btinternet.com | ronniez@btinternet.com
633 | berniceamos@hotmail.co.uk | berniceamos@hotmail.co.uk
634 | sex-god@talk21.com | sex-god@talk21.com
635 | SARAH69X@HOTMAIL.COM | SARAH69X@HOTMAIL.COM
636 | sara@1startist.fsnet.co.uk | sara@1startist.fsnet.co.uk
637 | joanna@larcombe7831.freeserve.co.uk | joanna@larcombe7831.freeserve.co.uk
638 | philandanne5@hotmail.com | philandanne5@hotmail.com
639 | tina@goodman1.freeserve.co.uk | tina@goodman1.freeserve.co.uk
640 | nina@dsl.pipex.com | nina@dsl.pipex.com | number27
641 | rebeccaharris@millbrookfisheries.fsnet.co.uk | rebeccaharris@millbrookfisheries.fsnet.co.uk
642 | cpwlutterworth@yahoo.co.uk | cpwlutterworth@yahoo.co.uk
643 | caz_tay6@hotmail.com | caz_tay6@hotmail.com
644 | joanne.townsend1@ntlworld.com | joanne.townsend1@ntlworld.com
645 | dazzlong@hotmail.com | | letmein
646 | Jo_Dee_99@msn.com | Jo_Dee_99@msn.com
647 | Luise.Parradine@rmh.nthames.nhs.uk | Luise.Parradine@rmh.nthames.nhs.uk
648 | shelley.douglas@aah.co.uk | | shannon
649 | kiviandco@hotmail.com | kiviandco@hotmail.com | wallace
650 | debbie@dslmail.co.uk | debbie@dslmail.co.uk
651 | wendy.wilkin@ntlworld.com | wendy.wilkin@ntlworld.com
652 | heather.rankine@virgin.net | heather.rankine@virgin.net
653 | dawnbrockhurst1405@msn.com | dawnbrockhurst1405@msn.com
654 | jipenney@hotmail.com | jipenney@hotmail.com | cosworth
655 | m.richards13@ntlworld.com | m.richards13@ntlworld.com
656 | joelle.bourne@radium.plus.com | joelle.bourne@radium.plus.com | monkey
657 | workerwilman@aol.com | workerwilman@aol.com
658 | rshpp@aol.com | rshpp@aol.com
659 | jblaine@ict-uk.com | jblaine@ict-uk.com
660 | brewstergas@aol.com | brewstergas@aol.com
661 | subscriptions@radium.plus.com | subscriptions@radium.plus.com
662 | tausuddin@hotmail.com | tausuddin@hotmail.com | nurunnessa
663 | rray@staff.covcollege.ac.uk | rray@staff.covcollege.ac.uk
664 | norpearson@aol.com | norpearson@aol.com | jookcilra
665 | fidd73@lycosmax.co.uk | fidd@yourwap.com | 070773
666 | s.glover@ntlworld.com | s.glover@ntlworld.com
667 | lorrmid@supanet.com | lorrmid@supanet.com
668 | Lindseyfaulkner@aol.com | Lindseyfaulkner@aol.com
669 | dollery@tinyworld.co.uk | dollery@tinyworld.co.uk
670 | murrayarlene@Hotmail.com | murrayarlene@Hotmail.com
671 | lindseyhackett79@hotmail.com | lindseyhackett79@hotmail.com
672 | uktrader888@gmail.com | | hinziwdoy
673 | Hazel.Barnes@dudley.nhs.uk | Hazel.Barnes@dudley.nhs.uk
674 | achester@cattlesif.co.uk | achester@cattlesif.co.uk
675 | susanbailey72@blueyonder.co.uk | susanbailey72@blueyonder.co.uk
676 | franceseeyre@hotmail.com | franceseeyre@hotmail.com
677 | paul@naisbett111.fsnet.co.uk | paul@naisbett111.fsnet.co.uk
678 | lorettauk@aol.com | lorettauk@aol.com
679 | ps@westartworldonline.co.uk | ps@westartworldonline.co.uk
680 | kerrybrodie@hotmail.co.uk | kerrybrodie@hotmail.co.uk
681 | tracy.painting@lycos.co.uk | tracy.painting@lycos.co.uk
682 | julie.e.donaghue@talk21.com | julie.e.donaghue@talk21.com
683 | Gailmelville@aol.com | Gailmelville@aol.com
684 | jrlhome@lineone.net | jrlhome@lineone.net
685 | rainingagain@hotmail.com | rainingagain@hotmail.com
686 | jansut@ntlworld.com | jansut@ntlworld.com
687 | pat@bridgeway.freeserve.co.uk | pat@bridgeway.freeserve.co.uk
688 | tulip100uk@yahoo.co.uk | tulip100uk@yahoo.co.uk
689 | loumattkate@aol.com | loumattkate@aol.com
690 | martinscarlett@yahoo.com | martinscarlett@yahoo.com
691 | dduncangray@aol.com | dduncangray@aol.com
692 | ajnw33332@blueyonder.co.uk | ajnw33332@blueyonder.co.uk
693 | diane.quinn@scottish-courage.co.uk | diane.quinn@scottish-courage.co.uk
694 | oonfitz@eircom.net | oonfitz@eircom.net
695 | carecoops@aol.co.uk | carecoops@aol.co.uk
696 | rnhpworth@aol.com | rnhpworth@aol.com
697 | johnsatterly@hotmail.com | johnsatterly@hotmail.com | sexybum
698 | sdoo27@ntlworld.com | sdoo27@ntlworld.com
699 | chocolate.lb@btopenworld.com | chocolate.lb@btopenworld.com | chocolate
700 | mopyfish@talk21.com | mopyfish@talk21.com
701 | M.Irving@amserve.net | M.Irving@amserve.net
702 | nthsomercotespc@tiscali.co.uk | nthsomercotespc@tiscali.co.uk
703 | Morfita@aol.co.uk | Morfita@aol.co.uk
704 | sbubb@buickscc.gov.uk | sbubb@buickscc.gov.uk
705 | trigwell@aol.com | trigwell@aol.com
706 | cherylawray@aol.com | cherylawray@aol.com | Robbie
707 | jakey008@hotmail.com | jakey008@hotmail.com
708 | kmlaughton@msn.com | kmlaughton@msn.com
709 | NicolePg9@aol.com | NicolePg9@aol.com
710 | fifizhong3@aol.com | fifizhong3@aol.com
711 | ali2pin@aol.com | ali2pin@aol.com
712 | anne@lewislass.fsnet.co.uk | anne@lewislass.fsnet.co.uk
713 | tell1@btinternet.com | tell1@btinternet.com
714 | lucymay@fsmail.net | lucy@playnation.org | junior
715 | andrea.bannister@ntlworld.com | andrea.bannister@ntlworld.com
716 | jkdamsell@sm.com | jkdamsell@sm.com
717 | mariaroyal9@aol.com | mariaroyal9@aol.com
719 | coppice services@aol.com | coppice services@aol.com
720 | iaesaunders@aol.com | iaesaunders@aol.com
721 | gaynorellis1671@hotmail.com | gaynorellis1671@hotmail.com
722 | manwat@btopenworld.com | manwat@btopenworld.com
723 | celyn_80@hotmail.com | celyn_80@hotmail.com
724 | jhocking@devon.gov.uk | jhocking@devon.gov.uk
725 | carole.stenning@harvard.co.uk | carole.stenning@harvard.co.uk
726 | sharmisthapal784@hotmail.com | sharmisthapal784@hotmail.com
727 | jscss@speed-mail.co.uk | jscss@speed-mail.co.uk
728 | kirsty@neil1509.freeserve.co.uk | kirsty@neil1509.freeserve.co.uk
729 | steve_hilditch@yahoo.co.uk | steve_hilditch@yahoo.co.uk | hilditch
730 | noel_stewart@hotmail.com | noel_stewart@hotmail.com | Sentinel
731 | bob-gamble@blueyonder.co.uk | bob-gamble@blueyonder.co.uk
732 | vicki_lowry@lycos.co.uk | vicki_lowry@lycos.co.uk
733 | kevinmorley69@aol.com | kevinmorley69@aol.com
734 | johnw82@hotmail.com | johnw82@hotmail.com | laughter
735 | katy@hood1036.freeserve.co.uk | katy@hood1036.freeserve.co.uk | willa
736 | davidmccoss@lookers.co.uk | davidmccoss@lookers.co.uk
737 | natalie.brahma-pearl@ntlworld.com | natalie.brahma-pearl@ntlworld.com
738 | arlsusan@hotmail.com | arlsusan@hotmail.com
739 | stevencampbell180@hotmail.com | stevencampbell180@hotmail.com | waypernarpol
740 | alistair.mcpherson1@btinternet.com | alistair.mcpherson1@btinternet.com | donss
741 | shabsnazir@aol.com | shabsnazir@aol.com
742 | hilary_willsher@btinternet.com | erw@btinternet.com | ptax03
743 | amandaturton21@hotmail.com | amandaturton21@hotmail.com
744 | beverleyg1@aol.com | beverleyg1@aol.com
745 | slam19uk@yahoo.co.uk | slam19uk@yahoo.co.uk | 111281
746 | masinger@educ.somerset.gov.uk | masinger@educ.somerset.gov.uk
747 | w.stothard@sky.com | | toeakseatoe
748 | trissywilliams@googlemail.com | | greece
749 | sandiep4@hotmail.com | sandiep4@hotmail.com
750 | blair_witch_girl_uk@hotmail.com | blair_witch_girl_uk@hotmail.com | table55
751 | BILBS@BTINTERNET.COM | BILBS@BTINTERNET.COM
752 | lmsweeney@hotmail.co.uk | dbh@kanner.co.il | stargate
753 | jean.hunter3@ntlworld.com | jean.hunter3@ntlworld.com | Florinda
754 | lidhutin@aol.com | lidhutin@aol.com | hedgehog
755 | jcjenn@blueyonder.co.uk | | skelda
756 | stevemet@blueyonder.co.uk | stevemet@blueyonder.co.uk
757 | sabrinawhispa@gmail.com | | palmtree
758 | p.saunders6@ntlworld.com | p.saunders6@ntlworld.com
759 | philipdobson9@hotmail.com | philipdobson9@hotmail.com
760 | shelias9@aol.com | shelias9@aol.com | checkout
761 | freebies@thejanie.net | auctions@thejanie.net | Bye39Tecb
762 | lindawarnes@hotmail.com | lindawarnes@hotmail.com | 29352935
763 | alicejoy995@msn.com | alicejoy995@msn.com
764 | terry_laura@hotmail.com | terry_laura@hotmail.com
765 | deborah.hunt@btinternet.com | deborah.hunt@btinternet.com
766 | jonesdonnam@aol.com | jonesdonnam@aol.com
767 | helenjames53@hotmail.com | helenjames53@hotmail.com
768 | chigsk@hotmail.com | chigsk@hotmail.com | eatmenot
769 | penjos55@hotmail.com | penjos55@hotmail.com
770 | jaynejones78@hotmail.com | jaynejones78@hotmail.com | connor
771 | rallwright@hotmail.com | rallwright@hotmail.com
772 | ioanna17@hotmail.com | ioanna17@hotmail.com
773 | jenniestephenson@hotmail.com | jenniestephenson@hotmail.com
774 | louise.wigg@ntlworld.com | louise.wigg@ntlworld.com | madonna
775 | rachael.monument@camden.gov.uk | rachael.monument@camden.gov.uk
776 | sheaton@themutual.net | sheaton@themutual.net
777 | gavin.male@themutual.net | gavin.male@themutual.net
778 | s.gallop@btinternet.com | s.gallop@btinternet.com
779 | the_korn_star@hotmail.com | the_korn_star@hotmail.com
780 | coasterqueen70@ntlworld.com | coasterqueen70@ntlworld.com
781 | jeancorley1@hotmail.com | jeancorley1@hotmail.com | stigadump
782 | TJDBUCKLEY@AOL.COM | TJDBUCKLEY@AOL.COM | hello
783 | suemkill@aol.com | suemkill@aol.com | bailey
784 | kalulu@tesco.net | | dunoon
785 | michael.shearing@ntlworld.com | michael.shearing@ntlworld.com
786 | michael.houston2796@fsnet.co.uk | michael.houston2796@fsnet.co.uk
787 | andy.dowden@ntlworld.com | andy.dowden@ntlworld.com | datajam
788 | michelleannick@hotmail.com | michelleannick@hotmail.com
789 | John-Barnett@lycos.co.uk | John-Barnett@lycos.co.uk
790 | lance.hibble@lycos.co.uk | lance.hibble@lycos.co.uk
791 | jackie.young@dykeyaxley.co.uk | jackie.young@dykeyaxley.co.uk
792 | carlos_bruv@hotmail.com | olliesbusiness@hotmail.com | gillies
793 | ecashback@affiliatemarketing.co.uk | ecashback@affiliatemarketing.co.uk
794 | jgfjfgj@jghjh.com | jgfjfgj@jghjh.com
795 | manxin27@yahoo.co.uk | manxin27@yahoo.co.uk
796 | jledwards720@yahoo.co.uk | jledwards720@yahoo.co.uk
797 | ticrash@hotmail.com | ticrash@hotmail.com
798 | sharon@green08.fsnet.co.uk | sharon@green08.fsnet.co.uk
799 | david.lists@coolwave.co.uk | | letmein
800 | positivethinker@hotmail.com | positivethinker@hotmail.com
801 | watnowin@msn.com | watnowin@msn.com
802 | ANT51204332354@AOL.COM | ANT51204332354@AOL.COM
803 | sexyalicejoy@hotmail.com | sexyalicejoy@hotmail.com
804 | farmer1945@totalise.co.uk | farmer1945@totalise.co.uk
805 | d.r.n.s@btinternet.com | d.r.n.s@btinternet.com
806 | angel.sue@tak21.com | angel.sue@tak21.com
807 | countrygirl2508@aol.com | countrygirl2508@aol.com
808 | trudi@anymail.freeserve.co.uk | trudi@anymail.freeserve.co.uk
809 | nessy.hughes@blueyonder.co.uk | nessy.hughes@blueyonder.co.uk | naratpocho
810 | patnell1@aol.com | patnell1@aol.com | glasses
811 | jmbelson@hotmail.com | jmbelson@hotmail.com | oranges
812 | sharonwhysall@aol.com | sharonwhysall@aol.com
813 | dunniedunn@supanet.com | dunniedunn@supanet.com | liwolciler
814 | john_lusher@hotmail.com | john_lusher@hotmail.com
815 | Sally_x_uk@hotmail.com | Sally_x_uk@hotmail.com
816 | carol.a.macdonald@lineone.net | carol.a.macdonald@lineone.net
817 | anne@annetaylorcornwall.co.uk | anne@annetaylorcornwall.co.uk
818 | traceym@tinyworld.co.uk | traceym@tinyworld.co.uk
819 | traceymariem@hotmail.com | traceymariem@hotmail.com
820 | terrisly@talktalk.net | terrisly@talktalk.net | sweetpants
821 | christinejowett@hotmail.com | christinejowett@hotmail.com
822 | rogerv@btinternet.com | rogerv@btinternet.com | brisca
823 | semerson@btinternet.com | semerson@btinternet.com | jamess
824 | dominica@tiscali.co.uk | dominica@tiscali.co.uk
825 | missnd@ntlworld.com | missnd@ntlworld.com
826 | paul@newsletterpromote.com | paul@newsletterpromote.com
827 | jim@cleatormoor.fsnet.co.uk | jim@cleatormoor.fsnet.co.uk | sooty
828 | keano77@ntlworld.com | keano77@ntlworld.com
829 | aud47@hotmail.com | aud47@hotmail.com
830 | CrRgby@aol.com | CrRgby@aol.com | Carby
831 | jgell@compuserve.com | jgell@compuserve.com
832 | robert@stokes3955.freeserve.co.uk | robert@stokes3955.freeserve.co.uk
833 | IBROWNFAMILY@talktalk.net | IBROWNFAMILY@talktalk.net | OLDMOORE
834 | nikwhite@manx.net | | eccles
835 | jannora@hotmail.com | | ormonde
836 | em_moreton@yahoo.co.uk | em_moreton@yahoo.co.uk | rafsucks
837 | owaisbc@yahoo.co.uk | | salvan0s
838 | dave@kisa.co.uk | | jud006
839 | evelyn.storrie@lycos.co.uk | evelyn.storrie@lycos.co.uk
840 | kerryjess@aol.com | kerryjess@aol.com | STEVEJ
841 | mark@fowlisgroup.co.uk | mark@fowlisgroup.co.uk | commander1
842 | dsp3019701@aol.com | dsp3019701@aol.com | t0psy1
843 | jenga@mail.com | jenga@mail.com
844 | mitzywoowoo@hotmail.com | mitzywoowoo@hotmail.com
845 | williams_ma@zwallet.com | williams_ma@zwallet.com
846 | judith_foster_@hotmail.com | judith_foster_@hotmail.com | Pringsheim
847 | evilkat13@btinternet.com | evilkat13@btinternet.com
848 | c.j.-gunn@fsmail.net | c.j.-gunn@fsmail.net
849 | yorp@ntlworld.com | yorp@ntlworld.com
850 | Eloise102@hotmail.com | Eloise102@hotmail.com
851 | mumtoliz@blueyonder.co.uk | mumtoliz@blueyonder.co.uk
852 | kay_angel@hotmail.com | kay_angel@hotmail.com
853 | shipu_amol@yahoo.co.uk | shipu_amol@yahoo.co.uk
854 | mickgreasley@ntlworld.com | collette.greasley@ntlworld.com | windsurf
855 | mtejurczykmoakes@blueyonder.co.uk | mtejurczykmoakes@blueyonder.co.uk
856 | m-mcmahon@ntlworld.com | m-mcmahon@ntlworld.com
857 | MyraKanuga@aol.com | MyraKanuga@aol.com
858 | fillistine2@yahoo.co.uk | fillistine2@yahoo.co.uk
859 | pburnage30@aol.com | pburnage30@aol.com
860 | tanli_frog@hotmail.com | tanli_frog@hotmail.com
861 | edo4442@hotmail.com | edo4442@hotmail.com
862 | colinholyland@yahoo.co.uk | colinholyland@netscape.net | barwell
863 | kandrmiller@tiscali.co.uk | | elm13er
864 | thm177@yahoo.com | thm177@yahoo.com | 97498897
865 | gy98rrl@lycos.co.uk | gy98rrl@lycos.co.uk
866 | beeandant@tesco.net | beeandant@tesco.net
867 | hendry_karen@hotmail.com | hendry_karen@hotmail.com
868 | brenda.porter@tesco.net | brenda.porter@tesco.net
869 | mm7519@lycos.co.uk | mm7519@lycos.co.uk
870 | rachael50uk@yahoo.co.uk | rachael50uk@yahoo.co.uk
871 | Leanne@the-falcons.fsnet | Leanne@the-falcons.fsnet
872 | tomkatt@tesco.net | tomkatt@tesco.net
873 | xtineanew@hotmail.com | xtineanew@hotmail.com
874 | wilsowil4hr@supanet.com | wilsowil4hr@supanet.com
875 | vickyelsworth@hotmail.com | vickyelsworth@hotmail.com | qwerty
876 | care4animals@hotmail.co.uk | poonon30@hotmail.com | georgia
877 | sharkcage@hotmail.co.uk | | church
878 | brendafleming1@aol.co.uk | brendafleming1@aol.co.uk
879 | ian.bishop@blueyonder.co.uk | ian.bishop@blueyonder.co.uk | mainframe
880 | conroy@carsys.demon.co.uk | conroy@carsys.demon.co.uk | carsys
881 | mail@jamescockram.com | mail@jamescockram.com
883 | m.painy@ntlworld.com | m.painy@ntlworld.com | atlanta
884 | helen@cooper2424.fsnet.co.uk | helen@cooper2424.fsnet.co.uk
885 | steph@riquochet.co.uk | paypal@riquochet.co.uk | combla28rce
886 | jann008@yahoo.com | jann008@yahoo.com | blacomlorpa
887 | sharon1964@23beckett.freeserve.co.uk | sharon1964@23beckett.freeserve.co.uk
888 | mic_riddy@lycos.co.uk | mic_riddy@lycos.co.uk
889 | safbun@aol.com | safbun@aol.com
890 | l.c.ibb@btopenworld.com | l.c.ibb@btopenworld.com
891 | nmwood@blueyounder.co.uk | nmwood@blueyounder.co.uk
892 | mbismilla@hotmail.com | mbismilla@hotmail.com
893 | kchurchill@blueyonder.co.uk | kchurchill@blueyonder.co.uk | churchill
894 | gordon@kay1123.fsnet.co.uk | gordon@kay1123.fsnet.co.uk
895 | evivisa@yahoo.co.uk | evivisa@yahoo.co.uk
896 | donnamford@yahoo.com | donnamford@yahoo.com
897 | slee.cryptozoo@hotmail.co.uk | | sundgot
898 | soneyp62@aol.com | soneyp62@aol.com
899 | frontrunneruk@btconnect.com.uk | frontrunneruk@btconnect.com.uk
900 | me@jasontrask.com | me@jasontrask.com | jasonpi110
901 | juliedshaw@yahoo.co.uk | juliedshaw@yahoo.co.uk
902 | annie@lassommoir.freeserve.co.uk | annie@lassommoir.freeserve.co.uk | miffle
903 | rhiannon.s@another.com | rhiannon.s@another.com
904 | TREVORBROWN1959@TALK21.COM | TREVORBROWN1959@TALK21.COM
905 | cj13@ntlworld.com | cj13@ntlworld.com
906 | unaoboyle38@hotmail.com | unaoboyle38@hotmail.com
907 | lightmyway@ntlworld.com | lightmyway@ntlworld.com | pahebo34
908 | teknival@excite.com | teknival@excite.com
909 | jennifereccles_uk@yahoo.co.uk | jennifereccles_uk@yahoo.co.uk | ckerercho
910 | marylatus@msn.com | marylatus@msn.com | chrystal
911 | jrhp@crewe16.freeserve.co.uk | jrhp@crewe16.freeserve.co.uk
912 | klynchahon@hotmail.com | klynchahon@hotmail.com
913 | samroy@tiscali.co.uk | samroy@tiscali.co.uk
914 | mightymoosie@yahoo.co.uk | | tobyjoe
915 | willanc@aol.com | willanc@aol.com
916 | lightfootp@aol.com | lightfootp@aol.com
917 | scr@cybertekuk.net | scr@cybertekuk.net
918 | gorloui@aol.com | gorloui@aol.com
919 | moggies22@yahoo.co.uk | moggies22@yahoo.co.uk | moggies
920 | jodavis69@hotmail.com | jodavis69@hotmail.com | hello
921 | keth_kinsey@hotmail.com | keth_kinsey@hotmail.com
922 | gemmakaplan@hotmail.com | gemmakaplan@hotmail.com
923 | pearsonow@yahoo.co.uk | pearsonow@yahoo.co.uk
924 | Ellencornford@hotmail.com | Ellencornford@hotmail.com
925 | joseph.kavanagh@ntlworld.com | joseph.kavanagh@ntlworld.com | smokey
926 | anya@emailaccount.com | anya@emailaccount.com
927 | madhu@cchopra.screaming.net | madhu@cchopra.screaming.net
928 | cliff@chopra.worldonline.co.uk | cliff@chopra.worldonline.co.uk | hoprac62
929 | jaynemelloruk@yahoo.co.uk | jaynemelloruk@yahoo.co.uk
930 | tom@tombruce.co.uk | tom@tombruce.co.uk
931 | girl_in_a_hole@hotmail.com | girl_in_a_hole@hotmail.com
932 | smcdermottsue@aol.com | smcdermottsue@aol.com
933 | claireheatherdavies@sky.com | claireheatherdavies@sky.com | apples99
934 | james_mccusker@yahoo.co.uk | james_mccusker@yahoo.co.uk
935 | cjfisher@ntlworld.com | cjfisher@ntlworld.com | cyLRgU8CSjXh
936 | azra_hussain@hotmail.com | azra_hussain@hotmail.com
937 | just_jules@hotmail.com | just_jules@hotmail.com
938 | bdhs@lineone.net | bdhs@lineone.net
939 | mark.price7@virgin.net | mark.price7@virgin.net | skateboard
940 | hazel@emmerson12.co.uk | hazel@emmerson12.co.uk
941 | Grafter28@aol.com | Grafter28@aol.com
942 | carly.gaskin@ntlworld.com | carly.gaskin@ntlworld.com
943 | janelweeks@aol.com | janelweeks@aol.com
944 | julie.bennett3@btinternet.com | julie.bennett3@btinternet.com | caitlin
945 | jillcrowley@aol.com | jillcrowley@aol.com
946 | vivic73@hotmail.com | vivic73@hotmail.com
947 | s.tennant2@ntlworld.com | s.tennant2@ntlworld.com
948 | marymcleanathome@hotmail.com | marymcleanathome@hotmail.com
949 | MARGEGR@aol.com | MARGEGR@aol.com
950 | jmarcusryder@hotmail.com | jmarcusryder@hotmail.com
951 | steveelcome1@yahoo.co.uk | | westham
952 | zinnia9uk@hotmail.com | zinnia9uk@hotmail.com
953 | carolegunn@Aol.com | carolegunn@Aol.com | herbie
954 | tabobby@yahoo.co.uk | tabobby@yahoo.co.uk
955 | steve@hawcrofts.karoo.co.uk | | 852287
956 | tim@bempton-grove.freeserve.co.uk | tim@bempton-grove.freeserve.co.uk
957 | sassysaz30@hotmail.com | sassysaz30@hotmail.com
958 | natpaul@tinyworld.co.uk | natpaul@tinyworld.co.uk
959 | Jjoannerose@aol.com | Jjoannerose@aol.com
960 | pounds@breathe.com | pounds@breathe.com
961 | peter.erica@ntlworld.com | peter.erica@ntlworld.com
962 | cath.sayer@blueyonder.co.uk | cath.sayer@blueyonder.co.uk
963 | amendes@blueyonder.co.uk | amendes@blueyonder.co.uk
964 | woe1970@yahoo.co.uk | woe1970@yahoo.co.uk
965 | kathryncubbin@aol.com | kathryncubbin@aol.com
966 | emansjunk@hotmail.com | emanzaman@gmail.com | sweetness
967 | valatuppersent@tiscali.co.uk | valatuppersent@tiscali.co.uk
968 | juliedrury@lineone.net | juliedrury@lineone.net
969 | johnpizzey@tiscali.co.uk | johnpizzey@tiscali.co.uk
970 | ernsflat@lineone.net | ernsflat@lineone.net
971 | kapil@choprac.screaming.net | kapil@choprac.screaming.net
972 | ravi@choprac.screaming.net | ravi@choprac.screaming.net | hoprac62
973 | alan.kitto@btconnect.com | alan.kitto@btconnect.com
974 | michhunt71@hotmail.com | michhunt71@hotmail.com
975 | juliet.steventon@lycos.co.uk | juliet.steventon@lycos.co.uk
976 | paul.hay@sefton.gov.uk | paul.hay@sefton.gov.uk
977 | pdring@castons.com | pdring@castons.com
978 | scoobert-doo@tiscali.co.uk | scoobert-doo@tiscali.co.uk
979 | richard@hull6115.freeserve.co.uk | richard@hull6115.freeserve.co.uk
980 | steve.morris@lexus-guildford.lexus.co.uk | steve.morris@lexus-guildford.lexus.co.uk
981 | grumleyn@dbl.boehringer-ingelheim.com | grumleyn@dbl.boehringer-ingelheim.com
982 | ddazza45@aol.com | ddazza45@aol.com
983 | catherinebessent@tiscali.co.uk | catherinebessent@tiscali.co.uk
984 | greencorns@aol.com | greencorns@aol.com
985 | terberg@btinternet.com | terberg@btinternet.com
986 | ian@easton-av.co.uk | ian@easton-av.co.uk
987 | karen.warren@dfes.gsi.gov.uk | karen.warren@dfes.gsi.gov.uk
988 | izzmaester00@hotmail.com | izzmaester00@hotmail.com
989 | duncancan@aol.com | duncancan@aol.com
990 | Nicola@nicolaphelan.co.uk | Nicola@nicolaphelan.co.uk
991 | sicandar@netscape.net | sicandar@netscape.net
992 | doug@ddsbulkhaulage.fsnet.co.uk | doug@ddsbulkhaulage.fsnet.co.uk
993 | gillian.carroll@btinternet.com | gillian.carroll@btinternet.com
994 | kitty.baker@virgin.net | kitty.baker@virgin.net
995 | englandgreens@hotmail.com | englandgreens@hotmail.com
996 | alaiks7178@hotmail.com | alaiks7178@hotmail.com
997 | tigertracyx2@aol.com | tigertracyx2@aol.com
998 | adrian.ben@btinternet.com | adrian.ben@btinternet.com
999 | jhalbert7@aol.com | jhalbert7@aol.com
1000 | rollingpinboy@aol.com | rollingpinboy@aol.com | barbel
1001 | melvynshaw@hotmail.com | melvynshaw@hotmail.com
1002 | manilvaC@aol.com | manilvaC@aol.com
1003 | jacquiholt6@aol.com | jacquiholt6@aol.com
1004 | lisacox63@hotmail.com | lisacox63@hotmail.com | roland
1005 | lowesjanie1@aol.com | lowesjanie1@aol.com
1006 | cmrogers@talk21.com | cmrogers@talk21.com
1007 | sparkle2807@hotmail.com | sparkle2807@hotmail.com
1008 | neice@han2.freeserve.com | neice@han2.freeserve.com
1009 | carl@baggaley7555.fsnet.co.uk | carl@baggaley7555.fsnet.co.uk
1010 | NicWood1@aol.com | NicWood1@aol.com
1011 | james_stewart@onetel.net.uk | james_stewart@onetel.net.uk
1012 | Jieadie@aol.com | Jieadie@aol.com
1013 | christinefinlay@freeportleisure.com | christinefinlay@freeportleisure.com
1014 | marjoriekelly1@aol.com | marjoriekelly1@aol.com
1015 | ljoyner9@hotmail.com | | corinthus
1016 | paulnfraninbree@aol.com | paulnfraninbree@aol.com
1017 | kerry0378@aol.com | kerry0378@aol.com
1018 | suze@inlead.co.uk | suze@inlead.co.uk
1019 | gabi_lomax@hotmail.com | gabi_lomax@hotmail.com
1020 | li-marie@ntlworld.com | li-marie@ntlworld.com | franjak
1021 | boski11@hotmail.com | boski11@hotmail.com
1022 | angela_campbell_4@hotmail.com | angela_campbell_4@hotmail.com
1023 | ldommun@yahoo.co.uk | ldommun@yahoo.co.uk
1024 | trrcu@aol.com | trrcu@aol.com
1025 | flannigan@tinyworld.co.uk | flannigan@tinyworld.co.uk
1026 | denisegrimshaw@hotmail.com | denisegrimshaw@hotmail.com
1027 | adair919@aol.com | adair919@aol.com | taylor
1029 | jo90@silk39.freeserve.co.uk | jo90@silk39.freeserve.co.uk | sophie
1030 | jayjay@wigan755.fsnet.co.uk | jayjay@wigan755.fsnet.co.uk
1031 | Anthea@leaha.fsnet.co.uk | Anthea@leaha.fsnet.co.uk
1032 | kay.turner@eds.com | kay.turner@eds.com
1033 | davidowences@hotmail.com | davidowences@hotmail.com
1034 | warren@nameplanet .com | warren@nameplanet .com
1035 | jennyburns@hotmail.com | jennyburns@hotmail.com
1036 | fudgecom271098@aol.com | fudgecom271098@aol.com
1037 | belinda@dmme.freeserve.co.uk | belinda@dmme.freeserve.co.uk | holidays
1038 | fran_d70@hotmail.com | fran_d70@hotmail.com
1039 | vhayre@yahoo.co.uk | vhayre@yahoo.co.uk
1040 | terriandjim@waifsandstrays.freeserve.co.uk | terriandjim@waifsandstrays.freeserve.co.uk
1041 | nick.devonshire@lineone.net | nick.devonshire@lineone.net
1042 | louisewalster@aol.com | louisewalster@aol.com
1043 | Kazd74@aol.com | | summer56
1044 | debs@worknot.fsnet.co.uk | debs@worknot.fsnet.co.uk
1045 | boyson@ntlworld.com | boyson@ntlworld.com
1047 | dorkie03@hotmail.com | dorkie03@hotmail.com
1048 | bev@daisy200.freeserve.co.uk | bev@daisy200.freeserve.co.uk
1049 | alunlloydh@yahoo.co.uk | alunlloydh@yahoo.co.uk
1050 | liz_vc@hotmail.com | liz_vc@hotmail.com
1051 | Michelle@gibson9330.freeserve.co.uk | Michelle@gibson9330.freeserve.co.uk
1052 | mandajaneb@aol.com | mandajaneb@aol.com
1053 | angeline.baker@ibl.bm | angeline.baker@ibl.bm
1054 | jtnw40118@blueyonder.co.uk | jtnw40118@blueyonder.co.uk
1055 | JACKSANDRA@AOL.COM | JACKSANDRA@AOL.COM
1056 | lilmiss0ty2000@yahoo.co.uk | lilmiss0ty2000@yahoo.co.uk
1057 | Snowleopard29uk@aol.com | Snowleopard29uk@aol.com
1058 | hornyhorn@excite.com | hornyhorn@excite.com
1059 | gerry@sweeney1967.freeserve.co.uk | gerry@sweeney1967.freeserve.co.uk
1060 | susanjupe@aol.com | susanjupe@aol.com
1061 | kateyhobbs@hotmail.com | kateyhobbs@hotmail.com
1062 | SOUTHVIEW@fsmail.net | SOUTHVIEW@fsmail.net
1063 | rapjet98@HOTMAIL.COM | rapjet98@HOTMAIL.COM
1064 | nickandtania@aol.com | nickandtania@aol.com
1065 | walterschrisd@aol.com | walterschrisd@aol.com | christine
1066 | kanchanrege@aol.com | kanchanrege@aol.com
1067 | ayeshatrott@hotmail.com | ayeshatrott@hotmail.com | dollynut
1068 | lncooke@tiscali.co.uk | lncooke@tiscali.co.uk | tillydog
1069 | nevandkath@ukonline.co.uk | nevandkath@ukonline.co.uk
1070 | apacker206@aol.com | apacker206@aol.com | ninja99
1071 | PAGEFRANCE2001@AOL.COM | PAGEFRANCE2001@AOL.COM
1072 | lynne@peter5570.fsnet.co.uk | lynne@peter5570.fsnet.co.uk
1073 | ka_masood@hotmail.com | ka_masood@hotmail.com
1074 | david.connolly@uk.royalsun.com | david.connolly@uk.royalsun.com
1075 | David.Connolly@royalsun.co.uk | David.Connolly@royalsun.co.uk
1076 | JAMESH@worrall1939.freeserve.co.uk | JAMESH@worrall1939.freeserve.co.uk
1077 | elyse.white@wessexwater.co.uk | elyse.white@wessexwater.co.uk
1078 | jhowlett@buckscc.gov.uk | jhowlett@buckscc.gov.uk
1079 | zakerairani@yahoo.com | zakerairani@yahoo.com
1080 | frances_palmer-burgell@ml.com | frances_palmer-burgell@ml.com
1081 | brett_matthers_13@hotmail.com | brett_matthers_13@hotmail.com
1082 | cath.griffith@nphs.wales.nhs.uk | cath.griffith@nphs.wales.nhs.uk
1083 | sukh_khunkhun@hotmail.com | sukh_khunkhun@hotmail.com
1085 | bithel@tiscali.co.uk | bithel@tiscali.co.uk | relbmar
1086 | macfifi_111@yahoo.co.uk | macfifi_111@yahoo.co.uk
1087 | rigbylilian@aol.com | rigbylilian@aol.com
1088 | david_brown_turner@hotmail.com | david_brown_turner@hotmail.com