1089 | pam@pamshouse1.freeserve.co.uk | pam@pamshouse1.freeserve.co.uk
1090 | forrester24@aol.com | forrester24@aol.com
1091 | sarah.welch@whsmithnet.co.uk | sarah.welch@whsmithnet.co.uk
1092 | annleeuk@aol.com | annleeuk@aol.com
1093 | sjtrekmor@aol.com | sjtrekmor@aol.com | 030170
1094 | SHINING_ANGEL1979@hotmail.com | SHINING_ANGEL1979@hotmail.com
1095 | sallywaterhouse@aol.com | sallywaterhouse@aol.com
1096 | robertsonrm@blueyonder.co.uk | robertsonrm@blueyonder.co.uk
1097 | pbreen@btinternet.com | pbreen@btinternet.com
1098 | delslink@yahoo.com | delslink@yahoo.com
1099 | jillianmurphy@msn.com | jillianmurphy@msn.com
1100 | cassiemcc@aol.com | cassiemcc@aol.com
1101 | daztompkins@yahoo.co.uk | daztompkins@yahoo.co.uk | KRONOS
1102 | juliebee63@yahoo.co.uk | juliebee63@yahoo.co.uk
1103 | annettepaterson@aol.com | | boldoncc
1104 | debra_mcloughlin@msn.com | debra_mcloughlin@msn.com
1105 | meganl76@yahoo.com.au | meganl76@yahoo.com.au
1106 | kathy47@blueyonder.co.uk | kathy47@blueyonder.co.uk
1107 | jacquelineferri@aol.com | jacquelineferri@aol.com
1109 | eriordan@simpsondirect.net | eriordan@simpsondirect.net
1110 | brad.welland@morganstanley.com | brad.welland@morganstanley.com
1111 | alex.robinson@gbr.xerox.com | alex.robinson@gbr.xerox.com
1112 | sandrao@axiombc.com | sandrao@axiombc.com
1113 | sbatch32@hotmail.com | sbatch32@hotmail.com
1114 | glenandcarolinedenson@yahoo.co.uk | glenandcarolinedenson@yahoo.co.uk
1115 | Vic2Ad29@aol.com | Vic2Ad29@aol.com
1116 | denise_allan@btopenworld.com | denise_allan@btopenworld.com
1117 | jennilewis@birminghammidshires.co.uk | jennilewis@birminghammidshires.co.uk
1118 | llott@tech-group.co.uk | | snoopy
1119 | revjosaunders@aol.com | | avemaria
1120 | chris@kinnear5577.freeserve.co.uk | chris@kinnear5577.freeserve.co.uk
1121 | outset@ntlworld.com | outset@ntlworld.com
1122 | ruksana_k9@hotmail.com | ruksana_k9@hotmail.com
1123 | misseymaid@aol.com | misseymaid@aol.com
1124 | boycie@munrocres.freeserve.co.uk | boycie@munrocres.freeserve.co.uk
1125 | hensheridan@aol.com | hensheridan@aol.com | cospejoany
1126 | darlowportfolios@yahoo.co.uk | darlowportfolios@yahoo.co.uk | wolpolspedio
1127 | Meeks@mawney186.freeserve.co.uk | Meeks@mawney186.freeserve.co.uk
1128 | roybonsall@screaming.net | roybonsall@screaming.net | rebecca
1129 | FLINTEY@TESCO.NET | FLINTEY@TESCO.NET
1131 | rachel.parker@gleadell.co.uk | | tiopoltiano
1132 | davidsmith900@hotmail.com | davidsmith900@hotmail.com
1133 | avrilcath@aol.com | avrilcath@aol.com
1134 | anne@arifle.freeserve.co.uk | anne@arifle.freeserve.co.uk
1135 | ndaykin@tech-group.co.uk | ndaykin@tech-group.co.uk
1136 | pauline.matthews2@ntlworld.com | | bacardi
1137 | sjohnstone@coretechnical.com | sjohnstone@coretechnical.com
1139 | denise_allan9@btopenworld.com | denise_allan9@btopenworld.com
1140 | no1nutters@aol.com | no1nutters@aol.com
1141 | deborah.monk@ntlworld.com | deborah.monk@ntlworld.com | beasly
1142 | mobusa@btinternet.com | mobusa@btinternet.com
1143 | andy.alcock1@ntlworld.com | andy.alcock1@ntlworld.com
1144 | rajvindermanota@hotmail.com | rajvindermanota@hotmail.com
1145 | ukjan@aol.com | ukjan@aol.com
1146 | juliecraker_86@hotmail.com | juliecraker_86@hotmail.com
1147 | mel@mmacfadyen.freeserve.co.uk | mel@mmacfadyen.freeserve.co.uk
1148 | smstrw@aol.com | smstrw@aol.com
1149 | DRMAYHEW@dmayhew.freeserve.co.uk | DRMAYHEW@dmayhew.freeserve.co.uk
1150 | Jackiek90@hotmail.com | Jackiek90@hotmail.com
1151 | aslonfishing@onetel.net.uk | aslonfishing@onetel.net.uk
1152 | ian19751@hotmail.com | | churches1
1153 | TOURABI34@AOL.COM | TOURABI34@AOL.COM
1154 | terry.flemington@virgin.net | terry.flemington@virgin.net
1155 | rbandnd@aol.com | rbandnd@aol.com
1156 | sharon4chats@aol.com | sharon4chats@aol.com
1157 | CAROLINE4@NTLWORLD.COM | CAROLINE4@NTLWORLD.COM
1158 | sami2605@fsmail.net | sami2605@fsmail.net
1159 | bw.lewis1@tiscali.co.uk | bw.lewis1@tiscali.co.uk
1160 | davidharper24@blueyonder.co.uk | | gandalf
1161 | anne_rivett@newlabour.org.uk | anne_rivett@newlabour.org.uk
1162 | danny.ryan1@btinternet.com | danny.ryan1@btinternet.com
1163 | sadie.wootton57@ntlworld.com | sadie.wootton57@ntlworld.com
1164 | debbie@aatw.com | debbie@aatw.com
1165 | emmiehl@hotmail.com | emmiehl@hotmail.com
1166 | ha@blueyonder.co.uk | ha@blueyonder.co.uk
1167 | geralltlewis@tiwniwr.freeserve.co.uk | geralltlewis@tiwniwr.freeserve.co.uk
1168 | tonyburn@aol.com | tonyburn@aol.com
1169 | stupidgirl_no1@yahoo.com | stupidgirl_no1@yahoo.com | ham5ter
1171 | dclark@ntlworld.com | dclark@ntlworld.com
1172 | spare41@ukonline.co.uk | spare41@ukonline.co.uk
1173 | juliet1@tiscali.co.uk | juliet1@tiscali.co.uk
1174 | perrydsweet@aol.com | perrydsweet@aol.com
1176 | matthestan@aol.com | matthestan@aol.com
1177 | alison040264@aol.com | alison040264@aol.com
1178 | reidcamon@aol.com | reidcamon@aol.com
1179 | leegreato@hotmail.com | leegreato@hotmail.com
1180 | pam.harding@soros.com | pam.harding@soros.com
1181 | vickybroadhead@hotmail.com | vickybroadhead@hotmail.com | keenan
1182 | sonia@flowerpower.fsbusiness.co.uk | sonia@flowerpower.fsbusiness.co.uk
1183 | abisingh@aol.com | abisingh@aol.com | bocomnartio
1184 | kpointon@ncht.trent.nhs.uk | kpointon@ncht.trent.nhs.uk
1185 | Rebecca@levinesfurniture.co.uk | Rebecca@levinesfurniture.co.uk
1186 | p.harmer@physics.org | p.harmer@physics.org | arniep18
1187 | ewfdwef@weffe.com | ewfdwef@weffe.com
1188 | JERRYLINDA7@AOL.COM | JERRYLINDA7@AOL.COM
1189 | crd18@keele.ac.uk | crd18@keele.ac.uk
1190 | bridgewater.babe@virgin.net | bridgewater.babe@virgin.net
1191 | suesharkie146@aol.com | suesharkie146@aol.com
1192 | sleepysarahuk@yahoo.co.uk | sleepysarahuk@yahoo.co.uk
1193 | marie@riley03.freeserve.co.uk | marie@riley03.freeserve.co.uk
1194 | dfdfd@Fdf.com | dfdfd@Fdf.com
1195 | DianeBowie@aol.com | DianeBowie@aol.com | shadow
1196 | michelle.madine@microsoft.com | michelle.madine@microsoft.com
1197 | cjs123@fsmail.net | cjs123@fsmail.net
1198 | maurdoyle@aol.com | maurdoyle@aol.com
1199 | rhiannon@jonesf65.fsnet.co.uk | rhiannon@jonesf65.fsnet.co.uk
1200 | r..sullivan3@ntlworld.co.uk | r..sullivan3@ntlworld.co.uk
1201 | steve.2003@lycos.co.uk | steve.2003@lycos.co.uk
1202 | handleydav@aol.com | handleydav@aol.com | Barney
1203 | paul@lcof.fsnet.co.uk | paul@lcof.fsnet.co.uk
1204 | info@jordyn.freeserve.co.uk | info@jordyn.freeserve.co.uk | jordyn
1205 | zoeann29@aol.com | zoeann29@aol.com
1206 | mauraclark@yahoo.co.uk | mauraclark@yahoo.co.uk
1207 | tina@markjturner.freeserve.co.uk | tina@markjturner.freeserve.co.uk
1208 | fionaarkell@aol.com | fionaarkell@aol.com
1209 | dawofeso@yahoo.co.uk | dawofeso@yahoo.co.uk
1210 | JOZZZZZZ@BTINTERNET.COM | JOZZZZZZ@BTINTERNET.COM
1211 | sparrows5@ntlworld.com | sparrows5@ntlworld.com
1212 | premilaoconnor@aol.com | premilaoconnor@aol.com
1213 | svlls1@aol.com | svlls1@aol.com
1214 | shazza-34@hotmail.com | shazza-34@hotmail.com | barker24
1215 | Alisonvernon@aol.com | Alisonvernon@aol.com
1216 | melisscoleman@hotmail.com | melisscoleman@hotmail.com
1217 | sandiegillbanks@btinternet.com | | thorgill
1218 | andrewandy14@aol.com | andrewandy14@aol.com | samlia
1219 | wilma006@aol.com | wilma006@aol.com
1220 | karen@canuden.freeserve.co.uk | karen@canuden.freeserve.co.uk
1221 | gail.mcbride@ntlworld.com | gail.mcbride@ntlworld.com
1222 | ranjiny_v@hotmail.com | ranjiny_v@hotmail.com
1223 | raynsuelee@aol.com | raynsuelee@aol.com
1224 | Rob@mindcrime3160.fsnet.uk | Rob@mindcrime3160.fsnet.uk
1225 | garethdelme@aol.com | garethdelme@aol.com
1226 | talma/t@ntlworld.com | talma/t@ntlworld.com
1227 | patriciajamieson@aol.com | patriciajamieson@aol.com
1228 | kez972@hotmail.com | kez972@hotmail.com
1229 | rhiache@hotmail.com | rhiache@hotmail.com | pleten32no
1230 | lisasaunders@blueyonder.co.uk | lisasaunders@blueyonder.co.uk
1231 | lynne@horne168.freeserve.co.uk | lynne@horne168.freeserve.co.uk
1232 | p.lawson2@zoom.co.uk | p.lawson2@zoom.co.uk | gizmo
1233 | barb37a@aol.com | barb37a@aol.com
1234 | pam.wills1@ntlworld.com | pam.wills1@ntlworld.com
1235 | limei80@hotmail.com | limei80@hotmail.com
1236 | peter@peterlynch.freeserve.co.uk | peter@peterlynch.freeserve.co.uk | anyveterght
1237 | dfsafetyma@aol.com | dfsafetyma@aol.com
1238 | Stephanie@Knee215.fsnet.C0.UK | Stephanie@Knee215.fsnet.C0.UK
1239 | stuartrdavies@msn.com | stuartrdavies@msn.com
1240 | s.jones51@ntlworld.com | s.jones51@ntlworld.com
1241 | marisabe19@hotmail.com | marisabe19@hotmail.com
1242 | nigel.smith123@ntlworld.com | nigel.smith123@ntlworld.com
1243 | anntony@buckhursthill68.ffreeserve.co.uk | anntony@buckhursthill68.ffreeserve.co.uk
1244 | barbara.earl@ntlworld.com | barbara.earl@ntlworld.com
1245 | sue@suesimmons44.freeserve.co.uk | sue@suesimmons44.freeserve.co.uk
1246 | mark@suesimmons44.freeserve.co.uk | mark@suesimmons44.freeserve.co.uk
1247 | michael@ward6419.freeserve.co.uk | michael@ward6419.freeserve.co.uk
1248 | mahargaj@yahoo.co.uk | mahargaj@yahoo.co.uk
1249 | dozeroz@btinternet.com | dozeroz@btinternet.com
1250 | beryl.massey@ntlworld.com | beryl.massey@ntlworld.com
1251 | chris@prfc145.freeserve.co.uk | chris@prfc145.freeserve.co.uk | elaine
1252 | MELWOODCOCK@AOL.COM | MELWOODCOCK@AOL.COM
1253 | peter_aitken78@hotmail.com | peter_aitken78@hotmail.com
1254 | s1sandra@aol.com | s1sandra@aol.com
1255 | denwrght@aol.com | denwrght@aol.com | seaseanoir
1256 | juliemartin@nylmar.co.uk | juliemartin@nylmar.co.uk
1257 | s.neal@darrickwood.bromley.sch.uk | s.neal@darrickwood.bromley.sch.uk
1258 | kirstypullen@fsmail.net | kirstypullen@fsmail.net
1259 | Davidjvickers@aol.com | Davidjvickers@aol.com
1260 | ofhim@msn.com | ofhim@msn.com
1261 | christopher.spraggs@ntlworld.com | christopher.spraggs@ntlworld.com
1262 | trisha2@blueyonder.co.uk | trisha2@blueyonder.co.uk
1263 | salmonrs98@yahoo.co.uk | salmonrs98@yahoo.co.uk | georg1na
1264 | john@kill36,fsnet.co.uk | john@kill36,fsnet.co.uk
1265 | jemima3jemima@hotmail.com | jemima3jemima@hotmail.com
1266 | leadarby@hotmail.com | leadarby@hotmail.com | margaret
1268 | niallbrady@tesco.net | niallbrady@tesco.net
1269 | pamelaewatkins48@hotmail.com | pamelaewatkins48@hotmail.com
1270 | johnwatkins55@hotmail.com | johnwatkins55@hotmail.com
1271 | gpring@broadway.co.uk | gpring@broadway.co.uk
1272 | billhf56@aol.com | billhf56@aol.com
1273 | carole.critchley@chorley-pct.nhs.uk | carole.critchley@chorley-pct.nhs.uk
1274 | lm001g8570@blueyonder.co.uk | lm001g8570@blueyonder.co.uk
1275 | janmnnss@aol.com | janmnnss@aol.com
1276 | teri_swanwick@hotmail.com | teri_swanwick@hotmail.com
1277 | linda.brown@HRI.ac.uk | linda.brown@HRI.ac.uk
1279 | B4UASK4ME@YAHOO.COM | B4UASK4ME@YAHOO.COM | sonalp
1280 | swottythreeshoes@yahooco.uk | swottythreeshoes@yahooco.uk
1281 | LEEMASTERSTROKE@MSN.COM | LEEMASTERSTROKE@MSN.COM
1282 | shaun.dewhurst@ntlworld.com | shaun.dewhurst@ntlworld.com
1283 | sboom7@aol.com | sboom7@aol.com
1284 | zlyons@mwbex.com | zlyons@mwbex.com
1285 | paul.fenigan2@virgin.net | paul.fenigan2@virgin.net
1286 | Heard@Waterfarm.fsnet.co.uk | Heard@Waterfarm.fsnet.co.uk
1287 | angie006@fsmail.net | angie006@fsmail.net
1288 | jane72@btinternet.com | jane72@btinternet.com
1289 | paddy@havelock28.fsnet.co.uk | paddy@havelock28.fsnet.co.uk
1290 | bamutlow@hotmail.com | bamutlow@hotmail.com
1291 | mildredgrant16@hotmail.com | mildredgrant16@hotmail.com
1292 | stephenthorpe@onetel.com | stephenthorpe@onetel.com
1293 | spindal90@hotmail.com | spindal90@hotmail.com
1294 | amanda@hallam1969.fsworld.co.uk | amanda@hallam1969.fsworld.co.uk
1295 | maurice.emerson@greystown37.fsnet.co.uk | maurice.emerson@greystown37.fsnet.co.uk
1296 | dbiggie@ntlworld.com | dbiggie@ntlworld.com
1297 | kthJon6@aol.com | kthJon6@aol.com
1298 | marylrobertson@onetel.com | marylrobertson@onetel.com
1299 | emmaj_henderson@hotmail.com | emmaj_henderson@hotmail.com
1300 | mkellybear@aol.com | mkellybear@aol.com
1301 | farrukh1969@hotmail.com | farrukh1969@hotmail.com
1302 | sibbo,waldo@tiscali.co.uk | sibbo,waldo@tiscali.co.uk
1303 | nicolajayne22@yahoo.co.uk | nicolajayne22@yahoo.co.uk
1304 | mathewandtracey@hotmail.com | mathewandtracey@hotmail.com
1305 | iainandanne@blueyonder.co.uk | iainandanne@blueyonder.co.uk
1306 | mariescott306@msn.com | mariescott306@msn.com
1307 | shirley.swire@fsa.gov.uk | shirley.swire@fsa.gov.uk
1308 | d_osbor@caffyns-lewes.MgRoverDealer.com | d_osbor@caffyns-lewes.MgRoverDealer.com
1309 | steve.williams@cityofbristol.ac.uk | steve.williams@cityofbristol.ac.uk
1310 | K_E_Griffiths@hotmail.com | K_E_Griffiths@hotmail.com
1311 | vatkin@chubb.com | vatkin@chubb.com
1312 | gazza669@tiscali.co.uk | gazza669@tiscali.co.uk
1313 | taradude@supanet.com | taradude@supanet.com
1314 | shazmoo56@aol.com | shazmoo56@aol.com
1315 | adrian.boggett@ntlworld.com | adrian.boggett@ntlworld.com
1316 | amandapunto@aol.com | amandapunto@aol.com
1317 | shellsbells1984@hotmail.com | shellsbells1984@hotmail.com
1318 | tonyjones_7@hotmail.com | tonyjones_7@hotmail.com
1319 | angel@gizasite.co.uk | angel@gizasite.co.uk
1320 | jon@gizapc.co.uk | jon@gizapc.co.uk
1321 | speace@usa.net | speace@usa.net
1322 | fdfsdfsd@Sdfsd.com | fdfsdfsd@Sdfsd.com
1330 | ash.lamming@virgin.net | ash.lamming@virgin.net | werewolf
1331 | mheddell@btopenworld.com | mheddell@btopenworld.com
1332 | adam.blampied@barclays.co.uk | adam.blampied@barclays.co.uk
1333 | simonlilly@hotmail.com | simonlilly@hotmail.com
1334 | elufflum@lineone.net | elufflum@lineone.net | vevetseabo
1335 | jilliancrowley@aol.com | jilliancrowley@aol.com
1336 | gfdgdfg@fdgd.com | gfdgdfg@fdgd.com
1337 | dfsdF@dsfsdf.com | dfsdF@dsfsdf.com
1338 | magsmelody@yahoo.com | magsmelody@yahoo.com
1339 | sdsD@s.com | sdsD@s.com
1340 | julia.curtis@ntlworld.com | julia.curtis@ntlworld.com | hercechople
1341 | peartsathome@aol.com | peartsathome@aol.com
1342 | t.susan@home.co.uk | t.susan@home.co.uk
1343 | mankymoo57@aol.com | mankymoo57@aol.com
1344 | sadasD@asd.com | sadasD@asd.com
1345 | Paul@cadguy.co.uk | Paul@cadguy.co.uk
1346 | ian.evans977@ntlworld.com | ian.evans977@ntlworld.com
1347 | georgeson76@aol.com | georgeson76@aol.com
1348 | glyn.watts@tiscali.co.uk | glyn.watts@tiscali.co.uk | wattsy
1349 | Anthonyatvisions@aol.com | Anthonyatvisions@aol.com
1350 | sarah_fleming_uk@yahoo.co.uk | sarah_fleming_uk@yahoo.co.uk
1351 | jackieevans27@aol.com | jackieevans27@aol.com
1352 | vibharat@hotmail.com | vibharat@hotmail.com
1353 | lynne@roussel.fslife.co.uk | lynne@roussel.fslife.co.uk
1354 | sea1957@hotmail.com | sea1957@hotmail.com
1355 | claire.farrell@nhs.net | claire.farrell@nhs.net
1356 | max@trowell45.freeserve.co.uk | max@trowell45.freeserve.co.uk | tunisia
1357 | shardy9434@aol.com | shardy9434@aol.com
1358 | debbydo12@aol.com | debbydo12@aol.com
1359 | turdiuk@yahoo.co.uk | turdiuk@yahoo.co.uk
1360 | stoneraym1953@hotmail.com | stoneraym1953@hotmail.com
1361 | KevBurks@aol.com | KevBurks@aol.com
1362 | cs012p1647@blueyonder.co.uk | cs012p1647@blueyonder.co.uk
1363 | philby1@philbym.fsnet.co.uk | philby1@philbym.fsnet.co.uk
1364 | james@malone1866.fsnet.co.uk | | raspberry
1365 | garethjohn2002@yahoo.co.uk | garethjohn2002@yahoo.co.uk
1366 | jemnails@hotmail.com | jemnails@hotmail.com
1367 | raineleanne2003@hotmail.com | raineleanne2003@hotmail.com
1368 | RD014F9432@BLUEYONDER.CO.UK | RD014F9432@BLUEYONDER.CO.UK
1369 | sharon@sap69.karoo.co.uk | sharon@sap69.karoo.co.uk | shaziant0m
1370 | oscar007uk@yahoo.com | oscar007uk@yahoo.com
1371 | val@hotmail.com | val@hotmail.com
1372 | taylorben4@aol.com | taylorben4@aol.com | cricketmad
1373 | john@everall2447.fsnet.co.uk | john@everall2447.fsnet.co.uk
1374 | marie.l@essexspec.co.uk | marie.l@essexspec.co.uk
1375 | Sammy1611@aol.com | Sammy1611@aol.com
1376 | kevinsilverfox@aol.com | kevinsilverfox@aol.com
1377 | jewkeslarry@aol.com | jewkeslarry@aol.com
1378 | marge.white@btopenworld.com | marge.white@btopenworld.com
1379 | tower@hopper77.fsbusiness.co.uk | tower@hopper77.fsbusiness.co.uk
1380 | dizzybird38@aol.com | dizzybird38@aol.com
1381 | NeilO40@aol.com | NeilO40@aol.com
1382 | vhowell@ukonline.co.uk | vhowell@ukonline.co.uk
1383 | doholly@aol.com | doholly@aol.com
1384 | V7CEL@hotmail.com | V7CEL@hotmail.com
1385 | Pvwickenden@aol.com | Pvwickenden@aol.com
1386 | miatchtony@aol.com | miatchtony@aol.com
1387 | xaodie@msn.com.uk | xaodie@msn.com.uk
1388 | P.Hallsworth@btinternet.com | P.Hallsworth@btinternet.com | saundersfoot
1389 | sharon_space@yahoo.co.uk | sharon_space@yahoo.co.uk
1390 | christina@3dinstallation.com | christina@3dinstallation.com
1391 | lisakilduff@hotmail.com | | christine
1392 | JUDERADFORD@AOL.COM | JUDERADFORD@AOL.COM
1393 | brianmcdv@aol.com | brianmcdv@aol.com
1394 | tinasmithno1@hotmail.com | tinasmithno1@hotmail.com
1395 | jennifer.dones@ntlworld.com | jennifer.dones@ntlworld.com
1398 | ohlerogerson@aol.com | ohlerogerson@aol.com
1399 | natalia6109@aol.com | natalia6109@aol.com
1400 | I_HATE_DARREN@YAHOO.COM | I_HATE_DARREN@YAHOO.COM
1401 | EBrown4296@aol.com | EBrown4296@aol.com
1402 | philclipson@aol.com | philclipson@aol.com
1403 | antstaruk@yahoo.co.uk | | holidays
1404 | maxiepax01@aol.com | maxiepax01@aol.com
1405 | sandy@sandy21.fsnet.co.uk | sandy@sandy21.fsnet.co.uk
1406 | drdale90@hotmail.com | drdale90@hotmail.com
1407 | morren@whsurf.net | morren@whsurf.net
1408 | abbeytaxis@eircom.net | abbeytaxis@eircom.net
1409 | sue@wain.fsbusiness.co.uk | sue@wain.fsbusiness.co.uk
1410 | nicolapriest@blueyonder.co.uk | nicolapriest@blueyonder.co.uk
1411 | gutteridgelyn@aol.com | | vejowayli
1412 | kathryn.congdon@ntlworld.com | kathryn.congdon@ntlworld.com
1413 | raypalmer810@tiscali.co.uk | raypalmer810@tiscali.co.uk
1414 | royalbmsd27@msn.com | royalbmsd27@msn.com
1415 | jennywright18@hotmail.com | jennywright18@hotmail.com | victoria
1416 | markdykes30@hotmail.com | markdykes30@hotmail.com
1417 | mark@brierley56.fsnet.co.uk | mark@brierley56.fsnet.co.uk
1418 | phil@ryanella.fsnet.co.uk | phil@ryanella.fsnet.co.uk
1419 | trish.milligan@talk21.com | trish.milligan@talk21.com
1420 | r,bayliss1@ntlworld.com | r,bayliss1@ntlworld.com
1421 | laverne@onetel.net.uk | laverne@onetel.net.uk
1422 | Matjude@aol.com | Matjude@aol.com
1423 | whytedmcc@aol.com | whytedmcc@aol.com
1424 | sue@pridgeon1234.fslife.co.uk | sue@pridgeon1234.fslife.co.uk
1425 | tmreiki@aol.com | tmreiki@aol.com | ercshe27
1426 | johnhorsley1@aol.com | johnhorsley1@aol.com
1427 | veenish.dulu@diageo.com | veenish.dulu@diageo.com
1428 | ash005@totalise.co.uk | ash005@totalise.co.uk
1429 | c.avis@pwrightandco.co.uk | c.avis@pwrightandco.co.uk | rhinos
1430 | clalytonpalmer312@msn.com | clalytonpalmer312@msn.com
1432 | cat_booth@yahoo.com | cat_booth@yahoo.com
1434 | euan_tennant@hotmail.com | euan_tennant@hotmail.com
1436 | ksxtn363@aol.com | ksxtn363@aol.com
1437 | dasD@assdsda.com | dasD@assdsda.com
1438 | paul@hamilton9294.freeserve.co.uk | paul@hamilton9294.freeserve.co.uk
1439 | Karen_darragh_480@hotmail.com | Karen_darragh_480@hotmail.com
1440 | munkyschafer@hotmail.com | munkyschafer@hotmail.com
1441 | tpennington@specialeventservices.com | tpennington@specialeventservices.com
1442 | hotncurly@hotmail.com | hotncurly@hotmail.com
1443 | bradburylisa@hotmail.com | bradburylisa@hotmail.com
1444 | janinehunt24@hotmail.com | janinehunt24@hotmail.com
1445 | kvlad@rambler.ru | kvlad@rambler.ru
1446 | k_vlad@rambler.ru | k_vlad@rambler.ru
1447 | willag@matthey.com | willag@matthey.com
1448 | jacqueline.bryan@redbridge.gov.uk | jacqueline.bryan@redbridge.gov.uk
1449 | natwashbrook@hotmail.com | natwashbrook@hotmail.com
1450 | annwalford@aol.com | annwalford@aol.com
1451 | ernlor@whsmith.net | ernlor@whsmith.net
1452 | dfsD@Fsf.com | dfsD@Fsf.com
1453 | lesleythorpe@solway.com | lesleythorpe@solway.com
1454 | gjhkjkj@ttt.com | gjhkjkj@ttt.com
1455 | alex_serdi@hotmail.com | alex_serdi@hotmail.com
1456 | melons23@hotmail.com | melons23@hotmail.com
1457 | leig@aol.com | leig@aol.com
1458 | assegai@blueyonder.co.uk | assegai@blueyonder.co.uk
1459 | Nicoladolan@aol.com | Nicoladolan@aol.com
1460 | mariea.beddard4@ntlworld.com | mariea.beddard4@ntlworld.com
1461 | davidstevensonlfc@hotmail.com | davidstevensonlfc@hotmail.com
1462 | eyyyyyy@sg.com | eyyyyyy@sg.com
1463 | jennybones1@aol.com | jennybones1@aol.com
1464 | yvonne.loughlin@maninv.com | yvonne.loughlin@maninv.com
1465 | rebecca_ingram@lasata.co.uk | rebecca_ingram@lasata.co.uk
1466 | mazu.ibrahim@fremantlemedia.com | mazu.ibrahim@fremantlemedia.com | 260376
1467 | jodieatse3@aol.com | jodieatse3@aol.com
1468 | ian@freedom2010.freeserve.co.uk | ian@freedom2010.freeserve.co.uk
1469 | c.eyre2@ntlworld.com | c.eyre2@ntlworld.com
1470 | malbegg@tiscali.co.uk | malbegg@tiscali.co.uk
1471 | littleoakley@bushinternet.com | littleoakley@bushinternet.com
1472 | christinelinton@lineone.net | christinelinton@lineone.net
1473 | jac.ritchie@talk21.com | jac.ritchie@talk21.com
1474 | bookcase@btinternet.com | bookcase@btinternet.com
1476 | pigtales87@hotmail.com | pigtales87@hotmail.com
1479 | andrew_gunn@talk21.com | andrew_gunn@talk21.com | citylink
1480 | jackptts17@fsmail.net | jackptts17@fsmail.net
1481 | glen_ness@yahoo.co.uk | glen_ness@yahoo.co.uk
1482 | jacamani@aol.com | jacamani@aol.com
1483 | tjkneller@tiscali.co.uk | tjkneller@tiscali.co.uk
1484 | spencer.matthews@ukonline.co.uk | spencer.matthews@ukonline.co.uk
1485 | cheryl@woodard83.freeserve.co.uk | cheryl@woodard83.freeserve.co.uk
1486 | ummjafar1@hotmail.com | ummjafar1@hotmail.com
1487 | Lbensc@hotmail.com | Lbensc@hotmail.com | benjamin
1488 | repayne2003@yahoo.co.uk | repayne2003@yahoo.co.uk
1489 | s.griffiths@ntlworld.com | s.griffiths@ntlworld.com
1490 | raj.sanghani@consignia.com | raj.sanghani@consignia.com
1491 | clifflongbottom@hotmail.com | | rovers821
1492 | kelly_reeves2004@yahoo.co.uk | kelly_reeves2004@yahoo.co.uk
1493 | janneta.hooley@ntlbusiness.com | janneta.hooley@ntlbusiness.com
1494 | dffindleton@fsmail.net | dffindleton@fsmail.net
1495 | groenenberg@ntlworld.com | groenenberg@ntlworld.com
1496 | micklinda@sammy68.freeserve.co.uk | micklinda@sammy68.freeserve.co.uk
1497 | andy_hyett@yahoo.co.uk | andy_hyett@yahoo.co.uk
1498 | ruth@rebruce.freeserve.co.uk | ruth@rebruce.freeserve.co.uk
1499 | KEITHTENNANT22@AOL.COM | KEITHTENNANT22@AOL.COM
1500 | kazik1@talktalk.net | KAZIK@TRUNCHTAYLOR.FREESERVE.CO.UK
1501 | parko5@aol.com | parko5@aol.com
1502 | crofty@wd300802.freeserve.co.uk | crofty@wd300802.freeserve.co.uk
1503 | candyandduarte@hotmail.com | candyandduarte@hotmail.com
1504 | rlrmkj@aol.com | rlrmkj@aol.com
1505 | johndarby99@yahoo.co.uk | johndarby99@yahoo.co.uk
1506 | LouiseMitchell69@hotmail.com | LouiseMitchell69@hotmail.com
1507 | steven@thomas918.freeserve.co.uk | steven@thomas918.freeserve.co.uk
1508 | dorothy@ashlycourt38.fsnet.co.uk | dorothy@ashlycourt38.fsnet.co.uk
1509 | OGIZEB@AOL.COM | OGIZEB@AOL.COM
1510 | Broomanheid@aol.com | Broomanheid@aol.com
1511 | mrkdruid@aol.com | mrkdruid@aol.com
1512 | larripley@msn.com | larripley@msn.com
1513 | macx@zylvajake69.freeserve.co.uk | macx@zylvajake69.freeserve.co.uk
1514 | niklenic@hotmail.com | niklenic@hotmail.com
1515 | glediator@btopenworld.com | glediator@btopenworld.com
1516 | msoutham@aol.com | msoutham@aol.com
1517 | thelloyds@tesco.net | thelloyds@tesco.net
1518 | DvHllwlsn@aol.com | DvHllwlsn@aol.com
1519 | douglas@stewarding.fsnet.co.uk | douglas@stewarding.fsnet.co.uk
1520 | ah@thehubers5.fsnet.co.uk | ah@thehubers5.fsnet.co.uk
1521 | crystalgem@lizz.fslife.co.uk | crystalgem@lizz.fslife.co.uk
1522 | jerome2711@msn.com | jerome2711@msn.com
1523 | tunnicliffejulie@hotmail.com | tunnicliffejulie@hotmail.com | dunham
1524 | jay_flow2@yahoo.co.uk | jay_flow2@yahoo.co.uk
1525 | dave@pumber-24hr.fs.business.co.uk | dave@pumber-24hr.fs.business.co.uk
1526 | Al3v3r@aol.com | Al3v3r@aol.com
1527 | MSharonMercer@aol.com | MSharonMercer@aol.com
1528 | bobrobertson200@hotmail.com | bobrobertson200@hotmail.com
1529 | tlw@talk21.com | tlw@talk21.com
1530 | mikenewby@waitrose.com | mikenewby@waitrose.com
1531 | mike.caunt@btopenworld.com | mike.caunt@btopenworld.com
1532 | fayersbgstv@aol.co.uk | fayersbgstv@aol.co.uk
1533 | claire@clairefretwell.co.uk | claire@clairefretwell.co.uk | 14111983
1534 | porterj@bridgwater.ac.uk | porterj@bridgwater.ac.uk
1535 | colinhart99@hotmail.com | | superrams
1536 | betty.macdonald@highland.gov.uk | betty.macdonald@highland.gov.uk
1537 | srussell@gmc-uk.org | srussell@gmc-uk.org
1538 | Fleurcornes@aol.com | Fleurcornes@aol.com
1539 | Rosella55@aol.com | Rosella55@aol.com
1540 | Leisha0791@aol.co.uk | Leisha0791@aol.co.uk
1541 | MariaPreston@aol.com | MariaPreston@aol.com
1542 | scotfish2@aol.com | scotfish2@aol.com | atfilatson
1543 | RussellB50@aol.com | RussellB50@aol.com
1544 | gdfgfgdfgF@Dgdf.com | gdfgfgdfgF@Dgdf.com
1545 | jaycee@chappell1939.fsnet.co.uk | jaycee@chappell1939.fsnet.co.uk
1546 | enriquep@componentsource.com | enriquep@componentsource.com
1547 | peter_atherto4@hotmail.com | peter_atherto4@hotmail.com | liwolbo13
1548 | dawsonunited@yahoo.co.uk | dawsonunited@yahoo.co.uk
1549 | thepatdoc@yahoo.co.uk | thepatdoc@yahoo.co.uk | patdoc
1550 | ramk_s@yahoo.com | | london09
1551 | davidBrailsford20@hotmail.com | davidBrailsford20@hotmail.com
1552 | paul.davies@genesis-communications.co.uk | paul.davies@genesis-communications.co.uk
1553 | griff6.29@virgin.net | griff6.29@virgin.net
1554 | gordon@burrell6782.fsnet.co.uk | gordon@burrell6782.fsnet.co.uk
1555 | Darkroom813@aol.co.uk | Darkroom813@aol.co.uk
1556 | nickcox@tiscali.co.uk | nickcox@tiscali.co.uk
1557 | abid_1868@yahoo.co.uk | abid_1868@yahoo.co.uk
1558 | rosemarie.dudley@logicacmg.com | rosemarie.dudley@logicacmg.com
1559 | martinoli@btinternet.com | martinoli@btinternet.com
1560 | kevinnoelthomas@msn.com | kevinnoelthomas@msn.com | grongaer
1561 | kaye.lambert@thomasmiller.com | kaye.lambert@thomasmiller.com | mumbles
1562 | natalie_critchlow@standardlifehealthcare.com | natalie_critchlow@standardlifehealthcare.com
1563 | genygcallaghan@tiscali.co.uk | genygcallaghan@tiscali.co.uk
1564 | daveladd@onetel.net.uk | daveladd@onetel.net.uk
1565 | charlesgohm@aol.com | charlesgohm@aol.com
1566 | viva2398@yahoo.com | viva2398@yahoo.com
1567 | DavidAndShane@AOL.Com | DavidAndShane@AOL.Com
1568 | noel@lyle-stirling.fsnet.co.uk | noel@lyle-stirling.fsnet.co.uk
1569 | sob1962@aol.com | sob1962@aol.com
1570 | ieuanwyn@aol.co.uk | ieuanwyn@aol.co.uk
1571 | joytrack3@aol.com | joytrack3@aol.com
1572 | khez1979@yahoo.co.uk | khez1979@yahoo.co.uk
1573 | becky@bexnjason.fsnet.co.uk | becky@bexnjason.fsnet.co.uk
1574 | bradleycomposito@aol.com | bradleycomposito@aol.com
1575 | gemsiebear@hotmail.com | gemsiebear@hotmail.com
1576 | sarah@jones3946.freeserve.co.uk | sarah@jones3946.freeserve.co.uk
1577 | david@spector.fsworld.co.uk | david@spector.fsworld.co.uk | anubis
1578 | thehirsel@aol.com | thehirsel@aol.com
1579 | arthurhorner@msn.com | arthurhorner@msn.com
1580 | lola.logan@ntlworld.com | lola.logan@ntlworld.com
1581 | drus99@aol.com | drus99@aol.com
1582 | elizabethoconnoruk@yahoo.co.uk | elizabethoconnoruk@yahoo.co.uk
1583 | diane.crossley1@ntlworld.com | diane.crossley1@ntlworld.com
1584 | paulaharries10@aol.com | | muppets10
1585 | theresa_cousins@hotmail.com | theresa_cousins@hotmail.com
1586 | victoria@unipart1000.fsnet.co.uk | victoria@unipart1000.fsnet.co.uk
1587 | claire-haigh@ntlworld.com | claire-haigh@ntlworld.com
1588 | kdLOANS4U2 @AOL.COM | kdLOANS4U2 @AOL.COM
1589 | girls_pants@hotmail.com | girls_pants@hotmail.com
1590 | tracey@marriott3984.freeserve.co.uk | tracey@marriott3984.freeserve.co.uk
1591 | janetteradley@aol.com | janetteradley@aol.com
1592 | yvnhines@tiscali.co.uk | yvnhines@tiscali.co.uk
1593 | k.brackett@btinternet.co.uk | k.brackett@btinternet.co.uk
1594 | devonchap@msn.com | devonchap@msn.com
1595 | craigwall1@tiscali.co.uk | craigwall1@tiscali.co.uk | ocean22
1596 | jsphcch@aol.com | jsphcch@aol.com
1597 | carl@griffin9990.fsnet.co.uk | carl@griffin9990.fsnet.co.uk
1598 | toniwatson14@hotmail.com | toniwatson14@hotmail.com
1599 | l.d.galloway@ntlworld.co.uk | l.d.galloway@ntlworld.co.uk
1600 | alannewman@aol.com | alannewman@aol.com
1601 | jblb@ka136th.fsnet.co.uk | jblb@ka136th.fsnet.co.uk
1602 | a,li@lse.ac.uk | a,li@lse.ac.uk
1603 | gloandio@thebreddys.fsnet.co.uk | gloandio@thebreddys.fsnet.co.uk
1604 | smudgelessviking@aol.com | smudgelessviking@aol.com
1605 | sbudleigh@aol.com | sbudleigh@aol.com
1606 | jeremyw123@hotmail.com | jeremyw123@hotmail.com
1607 | loubuf2@postmaster.co.uk | loubuf2@postmaster.co.uk
1608 | dsvaughan01@aol.com | dsvaughan01@aol.com
1609 | colinsainsbury@hotmail.com | colinsainsbury@hotmail.com
1610 | sandrashelsher@tiscali.co.uk | | tigger
1611 | jeckot@hotmail.com | jeckot@hotmail.com
1612 | shark004@aol.com | shark004@aol.com | shark
1613 | burnalan@hotmail.com | burnalan@hotmail.com
1614 | tigersteve@tiscali.co.uk | tigersteve@tiscali.co.uk
1615 | coco@coco.1313.freeserve.co.uk | coco@coco.1313.freeserve.co.uk
1616 | pab-inwales@ntlworld.com | pab-inwales@ntlworld.com | sy162ad
1617 | exleyjj@aol.com | exleyjj@aol.com
1618 | Craig@charrison51.wanadoo.co.uk | | WELLER
1619 | winnie.mcnamara@ntlworld.com | winnie.mcnamara@ntlworld.com
1620 | PAUL.ROBSON70@TESCO.NET | PAUL.ROBSON70@TESCO.NET
1621 | Davebroad@hotmail.com | Davebroad@hotmail.com
1622 | kj@murray4771.freeserve.co.uk | kj@murray4771.freeserve.co.uk
1623 | mariakellyuk@hotmail.com | | hoysin
1624 | nadinespence@msn.com | nadinespence@msn.com
1625 | rituvij@choprac.screaming.net | rituvij@choprac.screaming.net
1626 | Ian@simmonds66.fsnet.co.uk | Ian@simmonds66.fsnet.co.uk
1627 | SOULGIRL1967@AOL.COM | SOULGIRL1967@AOL.COM
1628 | EDSMITH@TELCO4U.NET | EDSMITH@TELCO4U.NET
1629 | jemmajol@aol.com | jemmajol@aol.com
1630 | Mercy.Ihekoronye@selssp.nhs.uk | Mercy.Ihekoronye@selssp.nhs.uk
1631 | paul.clarke@interquest.co.uk | paul.clarke@interquest.co.uk
1632 | kellejudge@hotmail.com | kellejudge@hotmail.com
1633 | qedewkf@dewdjij.com | qedewkf@dewdjij.com
1634 | fdsfsDF@sdf.com | fdsfsDF@sdf.com
1635 | nikkitedray@aol.com | nikkitedray@aol.com
1636 | dottaye@hiern-cooke.fsworld.co.uk | dottaye@hiern-cooke.fsworld.co.uk
1637 | ajuett@colorcon.co.uk | ajuett@colorcon.co.uk
1638 | rrjhudson@aol.com | rrjhudson@aol.com
1639 | cathchattie@aol.com | cathchattie@aol.com
1640 | surburiaco@aol.co.uk | surburiaco@aol.co.uk
1641 | tcearl01@tiscali.co.uk | | woofer
1642 | wizlon@btopenworld.com | wizlon@btopenworld.com
1643 | laraine@dldesigns.fsnet.co.uk | laraine@dldesigns.fsnet.co.uk
1644 | disbitt@msn.co.uk | disbitt@msn.co.uk
1645 | disbitt@msn.com | disbitt@msn.com
1646 | karentraynor@talk21.com | karentraynor@talk21.com
1647 | car1bem@aol.com | car1bem@aol.com
1648 | mills638@aol.com | mills638@aol.com | patience
1649 | reviestand@aol.com | reviestand@aol.com
1650 | johnf_kelly@yahoo.co.uk | johnf_kelly@yahoo.co.uk
1651 | kezza_82_uk@hotmail.com | kezza_82_uk@hotmail.com
1652 | chartertel@aol.com | chartertel@aol.com
1653 | GJerromPugh@aol.com | GJerromPugh@aol.com
1654 | mathew@price7514.fsnet.co.uk | mathew@price7514.fsnet.co.uk
1655 | leswilliams007@btopenworld.com | leswilliams007@btopenworld.com
1656 | J.kerdulac@talk21.com | J.kerdulac@talk21.com
1657 | AlleyKatUK@aol.com | AlleyKatUK@aol.com
1658 | nevc.205@tesco.net | nevc.205@tesco.net
1659 | kaysfam@supanet.co.uk | kaysfam@supanet.co.uk
1660 | reddingzulu@aol.com | reddingzulu@aol.com
1661 | sj@mcfarlane72.fslife.co.uk | sj@mcfarlane72.fslife.co.uk
1662 | toots@ga2220.fsworld.co.uk | toots@ga2220.fsworld.co.uk
1663 | a4kdc@5balmoral.fsbusiness.co.uk | a4kdc@5balmoral.fsbusiness.co.uk | audia4
1664 | lauramoore81@lycos.co.uk | lauramoore81@lycos.co.uk
1665 | mobeone@aol.com | mobeone@aol.com
1666 | williamskaydub@aol.com | williamskaydub@aol.com
1667 | aprilhogg@eircom.net | aprilhogg@eircom.net | er18er1
1668 | hickorette@hotmail.com | hickorette@hotmail.com
1669 | john.bajina@ntlworld.com | john.bajina@ntlworld.com
1670 | jumpin52@aol.com | jumpin52@aol.com
1671 | murni@pidie.fsnet.co.uk | murni@pidie.fsnet.co.uk
1672 | mistyblueuk24@aol.com | mistyblueuk24@aol.com
1673 | ethomas12@aol.com | ethomas12@aol.com
1674 | rukenn@yahoo.co.uk | rukenn@yahoo.co.uk
1675 | rosemarieanne@aol.co.uk | rosemarieanne@aol.co.uk
1676 | gail@mosslane20.fsnet.co.uk | gail@mosslane20.fsnet.co.uk
1677 | s611y@hotmail.com | s611y@hotmail.com
1678 | pamela.mitchell@lineone.net | pamela.mitchell@lineone.net
1679 | jo-anne.murray.jm1@roche.com | jo-anne.murray.jm1@roche.com
1680 | hollycopter@bushinternet.com | hollycopter@bushinternet.com
1681 | 01002312@napier.ac.uk | 01002312@napier.ac.uk
1682 | nicholadedman@aol.com | nicholadedman@aol.com
1683 | adsystems@lineone.net | adsystems@lineone.net
1684 | paul-lye@supanet.com | paul-lye@supanet.com
1685 | lisastewart22@yahoo.com | lisastewart22@yahoo.com
1686 | maurgum@aol.com | maurgum@aol.com
1687 | robertdebell@aol.com | robertdebell@aol.com | redrum3
1688 | grayandka@chelmsley66.fsnet.co.uk | grayandka@chelmsley66.fsnet.co.uk
1689 | melita.bambaji@tesco.net | melita.bambaji@tesco.net
1690 | lee.aston@talk21.com | lee.aston@talk21.com
1691 | petercarrol@hotmail.com | petercarrol@hotmail.com
1692 | ectodisk@aol.co.uk | ectodisk@aol.co.uk
1693 | wendy.roles@tameside.gov.uk | wendy.roles@tameside.gov.uk
1694 | theorems@globalnet.co.uk | theorems@globalnet.co.uk
1695 | SAPKTL@YAHOO.CO.UK | SAPKTL@YAHOO.CO.UK
1696 | janeacalamity@aol.com | janeacalamity@aol.com
1697 | muirh3@tiscali.co.uk | muirh3@tiscali.co.uk
1698 | ron@headridge6817.freeserve.co.uk | ron@headridge6817.freeserve.co.uk
1699 | a.li@lse.ac.uk | a.li@lse.ac.uk
1700 | catwoman953@aol.com | catwoman953@aol.com
1701 | lotte_one@yahoo.co.uk | lotte_one@yahoo.co.uk
1702 | kezmclean@hotmail.com | kezmclean@hotmail.com
1703 | Rooneyirene@aol.com | Rooneyirene@aol.com
1704 | OBSCURA31@AOL.COM | OBSCURA31@AOL.COM
1705 | macxbyford@yahoo.co.uk | macxbyford@yahoo.co.uk
1706 | driveforce_411@msn.com | driveforce_411@msn.com
1707 | lasombra@fsmail.net | lasombra@fsmail.net
1708 | sophdan@aol.com | sophdan@aol.com
1709 | goodfellaj74@aol.com | goodfellaj74@aol.com
1710 | linburley@aol.com | linburley@aol.com
1711 | gster03cap@aol.co.uk | gster03cap@aol.co.uk
1712 | aliceparsons@yahoo.co.uk | aliceparsons@yahoo.co.uk
1713 | tamdrummond@aol.com | tamdrummond@aol.com
1714 | jane.newman@hants.gov.uk | jane.newman@hants.gov.uk
1715 | jmar10@tiscali.co.uk | jmar10@tiscali.co.uk
1716 | liznchris@tinyworld.co.uk | liznchris@tinyworld.co.uk
1717 | justin_smith_6@msn.com | justin_smith_6@msn.com
1718 | owusu74@hotmail.com | owusu74@hotmail.com
1719 | vhekeega@yahoo.com | vhekeega@yahoo.com
1720 | tm004g6356@blueyonder.co.uk | tm004g6356@blueyonder.co.uk
1721 | freeserve@patel350.fsnet.co.uk | freeserve@patel350.fsnet.co.uk
1722 | boyesboxer@aol.com | boyesboxer@aol.com
1723 | misswiggles@madness7269.fsworld.co.uk | misswiggles@madness7269.fsworld.co.uk | custard
1724 | charljones85@hotmail.com | charljones85@hotmail.com
1725 | swanyman@tiscali.co.uk | swanyman@tiscali.co.uk
1726 | chopra@tiscali.co.uk | chopra@tiscali.co.uk | hoprac62
1727 | korina94@yahoo.com | korina94@yahoo.com
1728 | keyholekate69@hotmail.com | keyholekate69@hotmail.com
1729 | tracy@aol.com | tracy@aol.com
1730 | equallynicegirl@yahoo.co.uk | equallynicegirl@yahoo.co.uk
1732 | kevin_cane@yahoo.co.uk | kevin_cane@yahoo.co.uk
1733 | steve.lloyd2@ntlworld.com | steve.lloyd2@ntlworld.com
1734 | butch5@tiscali.co.uk | butch5@tiscali.co.uk
1735 | moppetal@aol.com | moppetal@aol.com
1736 | jdthwck@aol.com | jdthwck@aol.com
1737 | rosw0107@aol.com | rosw0107@aol.com
1738 | gster03cap@aol.com | gster03cap@aol.com
1739 | roy@fishergrwks0898.fsnet.co.uk | roy@fishergrwks0898.fsnet.co.uk
1740 | wntworc@aol.com | wntworc@aol.com
1741 | jshewry@aol.com | jshewry@aol.com
1742 | pars@fsmail.net | pars@fsmail.net
1743 | carron.beaufort@hotmail.co.uk | carron.beaufort@hotmail.co.uk | CALLUM
1744 | Elzbthcoop@aol.com | Elzbthcoop@aol.com | lizzy
1745 | judebagpuss@yahoo.co.uk | judebagpuss@yahoo.co.uk
1746 | carole@ure2302.freeserve.co.uk | carole@ure2302.freeserve.co.uk
1747 | mskp@morris343.freeserve.co.uk | mskp@morris343.freeserve.co.uk
1748 | bala@chopra.worldonline.co.uk | bala@chopra.worldonline.co.uk | hoprac62
1749 | nicolaaustin@talk21.com | nicolaaustin@talk21.com
1750 | bigred@bt252nf.fsnet.co.uk | bigred@bt252nf.fsnet.co.uk
1751 | evs14@btinternet.com | evs14@btinternet.com
1752 | peprine64@yahoo.co.uk | peprine64@yahoo.co.uk | aries17
1753 | licky52@hotmail.com | licky52@hotmail.com
1754 | lady@alpineuk.freeserve.co.uk | lady@alpineuk.freeserve.co.uk
1755 | cojoba@ntlworld.com | cojoba@ntlworld.com | porter
1756 | rovi@cchopra.screaming.net | rovi@cchopra.screaming.net
1757 | StuartKane@aol.com | StuartKane@aol.com
1758 | sue@fentiman38.fsnet.co.uk | sue@fentiman38.fsnet.co.uk
1759 | trophyweb@hotmail.com | trophyweb@hotmail.com
1760 | dangerousned@hotmail.com | dangerousned@hotmail.com | sophie
1761 | JOHUNT@FSMAIL.NET | JOHUNT@FSMAIL.NET
1762 | kelly.ward@worldspan.com | kelly.ward@worldspan.com
1763 | rhafiam@yahoo.com | rhafiam@yahoo.com
1764 | GILL@smiminneyoo.freeserve.co.uk | GILL@smiminneyoo.freeserve.co.uk
1765 | sue_hull63@hotmail.com | sue_hull63@hotmail.com
1766 | jackie@sunhill26.fsnet.co.uk | jackie@sunhill26.fsnet.co.uk
1767 | Harvale@aol.com | Harvale@aol.com
1768 | kkaz110@aol.com | kkaz110@aol.com
1769 | skull@watson4282.freeserve.co.uk | skull@watson4282.freeserve.co.uk
1770 | imeldacole@tiscali.co.uk | imeldacole@tiscali.co.uk
1771 | smiddy1970@hotmail.com | smiddy1970@hotmail.com
1772 | clake67@aol.com | clake67@aol.com
1773 | Jhowell-walmsley@aol.com | Jhowell-walmsley@aol.com
1774 | annastonagogo@aol.com | annastonagogo@aol.com
1775 | e.hewitsontownley@btopenworld.com | e.hewitsontownley@btopenworld.com
1776 | jefhet@tiscali.co.uk | jefhet@tiscali.co.uk
1777 | caroline@binns7066.freeserve.co.uk | caroline@binns7066.freeserve.co.uk
1778 | mgerrymcmahon@aol.com | mgerrymcmahon@aol.com
1779 | valerie.margilewska@intel.com | valerie.margilewska@intel.com
1780 | piears@aol.com | piears@aol.com
1781 | mhbrown1972@hotmail.com | mhbrown1972@hotmail.com
1782 | popmolly@hotmail.com | popmolly@hotmail.com
1783 | dav1e1962@yahoo.com | dav1e1962@yahoo.com
1784 | bd.griffiths@virgin.net | bd.griffiths@virgin.net
1785 | arthurpattison@hotmail.com | arthurpattison@hotmail.com
1786 | afruz15@aol.com | afruz15@aol.com
1787 | jvcarpenter230142@btinternet.com | jvcarpenter230142@btinternet.com
1788 | tuckincafe@aol.com | tuckincafe@aol.com
1789 | darrenlennox@msn.com | darrenlennox@msn.com
1790 | SylviaLinnett@aol.com | SylviaLinnett@aol.com
1791 | jamesgrennan@hotmail.com | jamesgrennan@hotmail.com
1792 | jeaniedrummond@aol.com | jeaniedrummond@aol.com
1793 | Bdgrl797@aol.com | Bdgrl797@aol.com
1794 | john@bailey3373.freeserve.co.uk | john@bailey3373.freeserve.co.uk
1795 | nantgarw@hotmail.com | nantgarw@hotmail.com
1796 | jonandjillbrooks@hotmail.com | jonandjillbrooks@hotmail.com
1797 | ROB@rstevenson2.freeserve.co.uk | ROB@rstevenson2.freeserve.co.uk
1798 | louise@hall4720.fsnet.co.uk | louise@hall4720.fsnet.co.uk
1799 | edrichg@hotmail.com | edrichg@hotmail.com
1800 | 155834@swansea.ac.uk | 155834@swansea.ac.uk
1801 | ALAINLINO@AOL.COM | ALAINLINO@AOL.COM
1802 | devonpreparedveg@hotmail.com | devonpreparedveg@hotmail.com
1803 | enquiries@camilligan.fsnet.co.uk | enquiries@camilligan.fsnet.co.uk | Alanasimone
1804 | pete@petewealleans.fsnet.co.uk | pete@petewealleans.fsnet.co.uk
1805 | anupriyajhanji@hotmail.com | anupriyajhanji@hotmail.com | koni4chiwa
1806 | alteretro@talk21.com | alteretro@talk21.com
1807 | prtchrdj@aol.com | prtchrdj@aol.com
1808 | mandymashers@aol.com | mandymashers@aol.com | lauren
1809 | johngerrty@aol.com | johngerrty@aol.com
1810 | apredwood@aol.com | apredwood@aol.com
1811 | INTERTHING@AOL.COM | INTERTHING@AOL.COM
1812 | davepenma@aol.com | davepenma@aol.com
1813 | elisedeviell@aol.com | elisedeviell@aol.com
1814 | iscouse7@aol.com | iscouse7@aol.com
1815 | aunty@lineone.net | aunty@lineone.net
1816 | kenneth.baker7@ntlworld.com | kenneth.baker7@ntlworld.com
1817 | BrucRchfrd@aol.com | BrucRchfrd@aol.com
1818 | mpbetik@hotmail.com | mpbetik@hotmail.com
1819 | Miltontd68@aol.com | Miltontd68@aol.com
1820 | julkiedeakin@tiscali.co.uk | julkiedeakin@tiscali.co.uk
1821 | gerrydbla@hotmail.com | gerrydbla@hotmail.com
1822 | VERE@bowyerv.freeserve.co.uk | VERE@bowyerv.freeserve.co.uk
1823 | dnainoca@hotmail.com | dnainoca@hotmail.com
1824 | morrissdavid@aol.com | morrissdavid@aol.com
1825 | Debonairtom@aol.com | Debonairtom@aol.com
1826 | shashiem@aol.com | shashiem@aol.com | skyker
1827 | colin.lundy@virgin.net | colin.lundy@virgin.net
1828 | chrsshd@aol.com | chrsshd@aol.com
1829 | lovehouse@totalise.co.uk | lovehouse@totalise.co.uk
1830 | kittaylor4@aol.com | kittaylor4@aol.com
1831 | dev.shah@q2uk.com | dev.shah@q2uk.com
1832 | chrisjpayne@msn.com | chrisjpayne@msn.com
1833 | annepepper8@aol.com | annepepper8@aol.com
1834 | luoying7511@hotmail.com | luoying7511@hotmail.com
1835 | malm@operamail.com | malm@operamail.com
1836 | hankua@hotmail.com | hankua@hotmail.com
1837 | motherwilliams1974@yahoo.co.uk | motherwilliams1974@yahoo.co.uk
1838 | sarfaraz.khan@mytravel.co.uk | sarfaraz.khan@mytravel.co.uk
1839 | lnourouzi@onetel.net.uk | lnourouzi@onetel.net.uk
1840 | derek@barrett1346.freeserve.co.uk | derek@barrett1346.freeserve.co.uk
1841 | carolyn@tompkins24fsnet.co.uk | carolyn@tompkins24fsnet.co.uk
1842 | spamonly@members.v21.co.uk | spamonly@members.v21.co.uk | glamwood
1843 | rayc333@blueyonder.co.uk | rayc333@blueyonder.co.uk | Mondeo
1844 | irf4n_321@hotmail.com | irf4n_321@hotmail.com
1845 | hadleys42@aol.com | | sue39r
1846 | hilary@wilson5030.fsnet.co.uk | hilary@wilson5030.fsnet.co.uk
1847 | ecstacy999@hotmail.com | ecstacy999@hotmail.com
1848 | jrjones71@onetel.com | jrjones71@onetel.com
1849 | quicksilver280@hotmail.com | quicksilver280@hotmail.com
1850 | david@lawley.2025.freeserve.co.uk | david@lawley.2025.freeserve.co.uk
1851 | harkcom@tiscali.co.uk | harkcom@tiscali.co.uk
1852 | murphy@tiscali.co.uk | murphy@tiscali.co.uk
1853 | daisyducklin@tiscali.co.uk | daisyducklin@tiscali.co.uk
1854 | rupindermail@yahoo.co.uk | rupindermail@yahoo.co.uk | qwerty
1855 | cliff@choprac.screaming.net | cliff@choprac.screaming.net
1856 | avdleij@aol.com | avdleij@aol.com
1857 | fionasloan@annan666.fsnet.co.uk | fionasloan@annan666.fsnet.co.uk
1858 | fionasloan@annan.666.fsnet.co.uk | fionasloan@annan.666.fsnet.co.uk
1859 | tre3003@tiscali.co.uk | tre3003@tiscali.co.uk | Bonnie06
1860 | sarah.bos@fsmail.net | sarah.bos@fsmail.net
1861 | BPollardx@aol.com | | porkpies55
1862 | venkatusf@aol.com | venkatusf@aol.com
1863 | richard19526@aol.com | richard19526@aol.com
1864 | Theresa.hanna@blyeyonder.co.uk | Theresa.hanna@blyeyonder.co.uk
1865 | chris@dogtrain.freeserve.co.uk | chris@dogtrain.freeserve.co.uk
1866 | anberan1@tinyworld.co.uk | anberan1@tinyworld.co.uk
1867 | tonynpat@warburton6.fsnet.co.uk | tonynpat@warburton6.fsnet.co.uk
1868 | kathtownsend@yahoo.com | kathtownsend@yahoo.com
1869 | lizportas@yahoo.co.uk | lizportas@yahoo.co.uk
1870 | notmot@hotmail.com | notmot@hotmail.com
1871 | kaizer.boab@googlemail.com | | MaR3nG0
1872 | marie54321826853@aol.com | marie54321826853@aol.com
1873 | brian@conlin31.freeserve.co.uk | brian@conlin31.freeserve.co.uk
1874 | mail@conduithf.fsnet.co.uk | mail@conduithf.fsnet.co.uk
1875 | Deadly.Dave@blueyonder.co.uk | Deadly.Dave@blueyonder.co.uk
1876 | juliepeacock9572@aol.com | juliepeacock9572@aol.com
1877 | Kathmillie@fsmail.net | Kathmillie@fsmail.net
1878 | villapark65@yahoo.com | villapark65@yahoo.com
1879 | Helattagells@aol.com | Helattagells@aol.com
1880 | jimwht67@hotmail.com | jimwht67@hotmail.com | pottsy
1881 | terrynation@macmail.com | terrynation@macmail.com | chaindiodio
1882 | susanpaul100@aol.com | susanpaul100@aol.com
1883 | goblyns@isangard.fsnet.co.uk | goblyns@isangard.fsnet.co.uk
1884 | daveburgan@hotmail.com | daveburgan@hotmail.com
1885 | MLightf565@aol.com | MLightf565@aol.com
1886 | reginaldhawkins@yahoo.com | reginaldhawkins@yahoo.com
1887 | brian.read@bt.com | brian.read@bt.com
1888 | salbowl@yahoo.com | salbowl@yahoo.com
1889 | Linda@accanet.co.uk | Linda@accanet.co.uk
1890 | carra@bohemia275.fsnet.co.uk | carra@bohemia275.fsnet.co.uk
1891 | shirley.lipinski@lab-impex-systems.co.uk | shirley.lipinski@lab-impex-systems.co.uk | Squibb
1892 | carriedwards@yahoo.com | carriedwards@yahoo.com | nickelpen79
1893 | Jeanchankee@aol.com | Jeanchankee@aol.com
1894 | stuandjanefarrow@aol.com | stuandjanefarrow@aol.com | ebonys
1895 | keith.bowen@tiscali.co.uk | keith.bowen@tiscali.co.uk
1896 | hulattmaggie@aol.com | hulattmaggie@aol.com
1897 | angela@ljwilliams.freeserve.co.uk | angela@ljwilliams.freeserve.co.uk | Gandalf
1899 | dave@art-man.freeserve.co.uk | dave@art-man.freeserve.co.uk
1901 | macabie@hotmail.com | macabie@hotmail.com
1902 | yshri@hotmail.com | yshri@hotmail.com
1903 | lktebb@hotmail.com | lktebb@hotmail.com
1904 | henrymercerh@hotmail.com | henrymercerh@hotmail.com
1905 | tendertouch444@aol.com | tendertouch444@aol.com
1906 | j14dtm@aol.com | j14dtm@aol.com
1907 | DIYJohnD@aol.com | DIYJohnD@aol.com
1908 | tkirkman111@hotmail.com | tkirkman111@hotmail.com
1909 | linda.enright@btinternet.com | linda.enright@btinternet.com
1910 | vanalstynemck@aol.com | vanalstynemck@aol.com
1911 | victoria.grice@ntlworld.com | victoria.grice@ntlworld.com | minikin
1912 | bill.tolbooth@barbox.net | bill.tolbooth@barbox.net
1913 | leatherlite@hotmail.com | leatherlite@hotmail.com
1915 | elstobs@ntlworld.com | elstobs@ntlworld.com
1916 | kat_pond@hotmail.com | kat_pond@yahoo.co.uk | buffysummers
1917 | geoffwatty@aol.com | geoffwatty@aol.com
1918 | gillian.waller1@ntlworld.com | gillian.waller1@ntlworld.com
1919 | christinejersey@eggconnect.net | christinejersey@eggconnect.net
1921 | fionadocwra@yahoo.co.uk | fionadocwra@yahoo.co.uk
1922 | jfairhead1063869@aol.com | jfairhead1063869@aol.com
1923 | bagpus90@hotmail.com | bagpus90@hotmail.com
1924 | s.osman@blackburnmail.com | s.osman@blackburnmail.com
1925 | mark@williams9833.fsnet.co.uk | mark@williams9833.fsnet.co.uk
1926 | lorraine.mcauliffe@seb.co.uk | lorraine.mcauliffe@seb.co.uk
1927 | screedon@lehman.com | screedon@lehman.com
1928 | lm.shaw@ntlworld.com | lm.shaw@ntlworld.com
1929 | j_cordingley@yahoo.com | j_cordingley@yahoo.com
1930 | weffew@dxwed.com | weffew@dxwed.com
1931 | dfsdf@dsfs.com | dfsdf@dsfs.com
1932 | gemma_83@tiscali.co.uk | gemma_83@tiscali.co.uk
1933 | festa73@aol.com | festa73@aol.com
1934 | jocoleman369@hotmail.com | jocoleman369@hotmail.com
1935 | jdbhickman@aol.com | jdbhickman@aol.com
1936 | rachel.clews@bt.com | rachel.clews@bt.com
1937 | tms101@hotmail.com | tms101@hotmail.com | BSC650
1938 | rikhuk@tiscali.co.uk | rikhuk@tiscali.co.uk
1939 | Wally@alishman.freeserve.co.uk | Wally@alishman.freeserve.co.uk
1940 | hsamuels@btinternet.com | hsamuels@btinternet.com
1941 | Vivienne74@btopenworld.com | Vivienne74@btopenworld.com
1942 | 9808080@Motherwell.ac.uk | 9808080@Motherwell.ac.uk
1943 | jason27@tinyonline.co.uk | jason27@tinyonline.co.uk
1944 | avrilvandermerwe@hotmail.com | avrilvandermerwe@hotmail.com
1945 | lou_simpson@tesco.net | | basil
1946 | ian@thegrantham.fsnet.co.uk | ian@thegrantham.fsnet.co.uk
1947 | terryandlouise@davies27.freeserve.co.uk | terryandlouise@davies27.freeserve.co.uk
1948 | the_truth_333@yahoo.com | the_truth_333@yahoo.com
1949 | csyee@blueyonder.co.uk | csyee@blueyonder.co.uk | csyee51169
1950 | timus@playful.com | timus@playful.com | alpine
1951 | terrybm503@aol.com | terrybm503@aol.com
1952 | littletoe@tinyworld.co.uk | littletoe@tinyworld.co.uk
1953 | RAYMOND.BARKER@NTLWORLD.COM | RAYMOND.BARKER@NTLWORLD.COM | 101aimee
1954 | ercwdvs@aol.com | ercwdvs@aol.com
1955 | mapsnell@aol.com | mapsnell@aol.com
1956 | carole@ure.2302.freeserve.co.uk | carole@ure.2302.freeserve.co.uk
1957 | ADonoughueAlly@aol.com | ADonoughueAlly@aol.com
1958 | lwalker@tiscali.co.uk | lwalker@tiscali.co.uk | reklaw
1959 | madihalkes@aol.com | madihalkes@aol.com
1960 | Vicky.Laban@aol.com | Vicky.Laban@aol.com
1961 | Sandrasandalwood@aol.com | Sandrasandalwood@aol.com
1962 | greg.b@tiscali.co.uk | greg.b@tiscali.co.uk
1963 | deanna@melllor939.fsbusiness.co.uk | deanna@melllor939.fsbusiness.co.uk
1964 | edmondsung@hotmail.com | | anything
1965 | kwanhayles@hotmail.com | kwanhayles@hotmail.com
1966 | phil@ukshopsnet.com | phil@ukshopsnet.com
1967 | avingingangel290583@yahoo.com | avingingangel290583@yahoo.com
1968 | smcmahon@ntlworld.com | smcmahon@ntlworld.com
1969 | louise@westmoor12.freeserve.co.uk | louise@westmoor12.freeserve.co.uk | oscardog
1970 | judy@tubs59.fsnet.co.uk | judy@tubs59.fsnet.co.uk
1971 | mike@smart59.fsnet.co.uk | mike@smart59.fsnet.co.uk
1972 | estelle.viner@ntlworld.com | estelle.viner@ntlworld.com
1973 | tracey.p4@tinyworld.co.uk | tracey.p4@tinyworld.co.uk
1974 | rickards839@aol.com | rickards839@aol.com
1975 | RymBrw@aol.com | RymBrw@aol.com
1976 | ukdmjk02@aaol.com | ukdmjk02@aaol.com
1977 | byron2609@aol.com | byron2609@aol.com
1978 | colin@sherrard.fslife.co.uk | colin@sherrard.fslife.co.uk
1979 | charmed21uk@yahoo.co.uk | charmed21uk@yahoo.co.uk
1980 | simon@collins64.freeserve.co.uk | simon@collins64.freeserve.co.uk | maverick
1981 | anne.blair@tiscali.co.uk | | oskarcat
1982 | BHAVEEE@YAHOO.COM | BHAVEEE@YAHOO.COM
1983 | johnjpearson@ntlworld.com | johnjpearson@ntlworld.com
1984 | harkinaian@aol.com | harkinaian@aol.com
1985 | fraser@gregoryf.fsnet.co.uk | fraser@gregoryf.fsnet.co.uk
1986 | yvonnethatcheruk@yahoo.co.uk | yvonnethatcheruk@yahoo.co.uk
1987 | heidiwalker1@yahoo.com | heidiwalker1@yahoo.com
1988 | nick@affinityuk.net | nick@affinityuk.net
1989 | francis.dolan@lineone.net | francis.dolan@lineone.net
1990 | ultraviolet968@aol.com | ultraviolet968@aol.com
1991 | tracey.jeanes@kcsconnect.com | tracey.jeanes@kcsconnect.com
1992 | mrandyfs@hotmail.com | mrandyfs@hotmail.com
1993 | glyn17@aol.com | glyn17@aol.com
1994 | kajiee@msn.com | kajiee@msn.com
1995 | 2544@essex.pnn.police.uk | 2544@essex.pnn.police.uk
1996 | colin@2getherifa.co.uk | colin@2getherifa.co.uk
1997 | mikesmith244@fsmail.net | mikesmith244@fsmail.net
1998 | jackie@acrewall.fsnet.co.uk | jackie@acrewall.fsnet.co.uk
1999 | delemosaks@hotmail.com | delemosaks@hotmail.com
2000 | m.smith353@ntlworld.com | m.smith353@ntlworld.com | ck9fe34
2001 | alisonparkes@tiscali.co.uk | | eeyore
2003 | suejbrooks@aol.com | suejbrooks@aol.com
2004 | ricky.taylor@smiths-aerospace.com | ricky.taylor@smiths-aerospace.com
2005 | daffss@aol.com | daffss@aol.com
2006 | lorraine@mmlp.co.uk | lorraine@mmlp.co.uk
2007 | catherine@mmlp.co.uk | catherine@mmlp.co.uk
2008 | ajramsay@hotmail.com | ajramsay@hotmail.com
2009 | katy.sanderson@btopenworld.com | katy.sanderson@btopenworld.com
2010 | a.brown@metalcraft.ferrarisgroup.com | a.brown@metalcraft.ferrarisgroup.com
2011 | MORRIS@family0406.freeserve.co.uk | MORRIS@family0406.freeserve.co.uk
2012 | sallyyournumber1@aol.com | sallyyournumber1@aol.com
2013 | sharon.spicer1@btinternet.com | sharon.spicer1@btinternet.com
2014 | KNOWLES.DUKE@AOL.COM | KNOWLES.DUKE@AOL.COM
2015 | pemsden@msn.com | pemsden@msn.com
2016 | valeriehouse@hotmail.com | valeriehouse@hotmail.com
2017 | cas_2k2@hotmail.com | cas_2k2@hotmail.com | boponesbo
2018 | nasima_aziz@hotmail.com | nasima_aziz@hotmail.com
2019 | Ibrahimaziz_@hotmail.com | Ibrahimaziz_@hotmail.com
2020 | neil.doody@interserveis.co.uk | neil.doody@interserveis.co.uk
2021 | william-t.robertson@ntlworld.com | william-t.robertson@ntlworld.com | kaalha
2022 | johnfrosdick2001@yahoo.co.uk | | dolphin
2023 | craigydon@talk21.com | craigydon@talk21.com
2024 | jacsant@hotmail.com | jacsant@hotmail.com
2025 | SONIACORPS@AOL.COM | SONIACORPS@AOL.COM
2026 | mark@volrath0fsnet.co.uk | mark@volrath0fsnet.co.uk
2027 | suehoward@jblackburn.co.uk | suehoward@jblackburn.co.uk | kirsty
2028 | pngrus@hotmail.com | pngrus@hotmail.com
2029 | marlene@pairc.fsnet.co.uk | marlene@pairc.fsnet.co.uk
2030 | tom.h@tiscali.co.uk | tom.h@tiscali.co.uk
2031 | faudian@aol.com | faudian@aol.com
2032 | jetownsenduk@yahoo.co.uk | jetownsenduk@yahoo.co.uk
2033 | gooda@gooda.worldonline.co.uk | gooda@gooda.worldonline.co.uk | wildduck
2034 | icelady@bushinternet.com | icelady@bushinternet.com
2035 | judith.gregory@custard-computers.co.uk | judith.gregory@custard-computers.co.uk
2036 | adam_jarvis@ntlworld.com | adam_jarvis@ntlworld.com
2037 | jpmartin@ntlworld.com | jpmartin@ntlworld.com
2038 | waitesaline@aol.com | waitesaline@aol.com
2039 | julie.mulholland@hudson.com | julie.mulholland@hudson.com
2040 | mikewright7210@o2.co.uk | mikewright7210@o2.co.uk
2041 | williamwin@clara.net | williamwin@clara.net
2042 | bramblecath@aol.com | bramblecath@aol.com | pyramid
2043 | judysox@aol.com | judysox@aol.com
2044 | cutedroggons@hotmail.com | cutedroggons@hotmail.com
2045 | dave.cummings@lycos.co.uk | dave.cummings@lycos.co.uk
2046 | martin_lloyd2@hotmail.com | | durham1979
2047 | CBeard9600@aol.com | CBeard9600@aol.com
2048 | annieturner1@yahoo.co.uk | annieturner1@yahoo.co.uk
2049 | andrew@andrewrichards.fsnet.co.uk | andrew@andrewrichards.fsnet.co.uk
2050 | wesleyhogg@talk21.com | wesleyhogg@talk21.com
2051 | pasty@prjsmith.freeserve.co.uk | pasty@prjsmith.freeserve.co.uk
2052 | Hwayne552@aol.com | Hwayne552@aol.com | newquay
2053 | sonie1964@supanet.com | sonie1964@supanet.com
2054 | will@collins193.fsnet,co,uk | will@collins193.fsnet,co,uk
2055 | elsabully@hotmail.com | elsabully@hotmail.com | doejoe
2056 | karen_619@163.com | karen_619@163.com
2057 | masoben@hotmail.com | masoben@hotmail.com
2058 | cdcbuilder@fsmail.net | cdcbuilder@fsmail.net
2059 | angela@norby90.fsnet.co.uk | angela@norby90.fsnet.co.uk
2060 | owen.frankland@tesco.net | owen.frankland@tesco.net | latsouchople
2061 | CT005A7280@BLUEYONDER.CO.UK | CT005A7280@BLUEYONDER.CO.UK
2062 | joyborthwick@aol.com | joyborthwick@aol.com
2063 | lml1969@aol.com | lml1969@aol.com
2064 | chris@caudrey.freeserve.co.uk | chris@caudrey.freeserve.co.uk
2065 | berniephillips@aol.com | berniephillips@aol.com
2066 | andrew@wiijii.co.uk | andrew@wiijii.co.uk | morgan
2067 | nhwallace@hotmail.com | nhwallace@hotmail.com | jackson
2068 | lizzy.aluko@cwcom.net | lizzy.aluko@cwcom.net
2069 | zak@prezzybox.com | zak@prezzybox.com
2070 | ken.kench@blueyonder.co.uk | ken.kench@blueyonder.co.uk | topcat22
2071 | ajr142@hotmail.com | ajr142@hotmail.com
2072 | ETomas2942@aol.com | ETomas2942@aol.com | rainbow
2073 | geoffcoratr@aol.com | geoffcoratr@aol.com
2074 | richardat4x@aol.com | richardat4x@aol.com
2075 | shaun@mortgage-wise.co.uk | shaun@mortgage-wise.co.uk
2076 | lizwynneroberts@msn.com | lizwynneroberts@msn.com
2077 | lcjt_5@ntlworld.com | lcjt_5@ntlworld.com
2078 | stevenpickles@msn.com | stevenpickles@msn.com
2079 | pmcteer@aol.com | pmcteer@aol.com
2080 | aaa@aaa.com | aaa@aaa.com | aasasas
2081 | roscoechaz@aol.com | roscoechaz@aol.com
2082 | arthurrobson@fivestarfinance.fsnet.co.uk | arthurrobson@fivestarfinance.fsnet.co.uk
2083 | vale@brettj.fsnet.co.uk | vale@brettj.fsnet.co.uk
2084 | Lisajenks2@aol.com | Lisajenks2@aol.com
2085 | shai_siddiq1@yahoo.com | shai_siddiq1@yahoo.com
2086 | robinsnest105@hotmail.com | robinsnest105@hotmail.com
2087 | anda@giurgiu.fsnet.co.uk | anda@giurgiu.fsnet.co.uk
2088 | adrianwhitcombe@tiscali.co.uk | adrianwhitcombe@tiscali.co.uk
2089 | nicola_edge@lineone.net | nicola_edge@lineone.net
2090 | catrionamb@aol.com | catrionamb@aol.com
2091 | jrjess666@aol.com | jrjess666@aol.com | connor
2092 | tich1@fsmail.net | tich1@fsmail.net
2093 | daveflynn@fsmail.net | daveflynn@fsmail.net
2094 | freeme71@hotmail.com | freeme71@hotmail.com
2095 | jack1370@aol.com | jack1370@aol.com
2096 | cmunsworth@lineone.net | cmunsworth@lineone.net
2098 | sue@pera2.freeserve.co.uk | sue@pera2.freeserve.co.uk
2099 | amakol@orange.net | amakol@orange.net
2100 | sdaadg@tiscali.co.uk | sdaadg@tiscali.co.uk
2101 | dr_faustus@tiscali.co.uk | dr_faustus@tiscali.co.uk
2102 | davidandullie@spansurf.com | davidandullie@spansurf.com
2103 | JAYRC@BLUEYONDER.CO.UK | JAYRC@BLUEYONDER.CO.UK | Fingers1
2104 | smnwatts@aol.co.uk | smnwatts@aol.co.uk
2105 | susan@naughtons.freeserve.co.uk | susan@naughtons.freeserve.co.uk
2107 | celticcastle@msn.com | celticcastle@msn.com
2108 | arbones@yahoo.ie | arbones@yahoo.ie
2109 | Deshoi@aol.com | Deshoi@aol.com
2110 | donna.harris60@ntlworld.com | donna.harris60@ntlworld.com
2113 | ccc@ccc.com | ccc@ccc.com
2114 | ddd@ddd.com | ddd@ddd.com
2115 | eee@eee.com | eee@eee.com
2116 | jbyrne4910@aol.com | jbyrne4910@aol.com | coitipreson
2117 | cultha@aol.com | cultha@aol.com
2118 | RichardBaker63@aol.com | RichardBaker63@aol.com
2119 | luciecutting@lycos.co.uk | luciecutting@lycos.co.uk
2120 | pommee@ntlworld.com | pommee@ntlworld.com
