19243 | johnlewis9857@blueyonder.co.uk | johnlewis9857@blueyonder.co.uk | Holden
19244 | thechitra@hotmail.com | | tara285
19245 | costas13555@hotmail.com | costas13555@hotmail.com
19246 | draugs@uksprite.com | draugs@uksprite.com | bartula
19248 | jowhelton1is@aol.com | jowhelton1is@aol.com
19249 | h_sanders@hotmail.com | h_sanders@hotmail.com | mitchel
19250 | dawnnuttycombe@hotmail.co.uk | dawnnuttycombe@hotmail.co.uk
19251 | kate@precious5230.fsnet.co.uk | kate@precious5230.fsnet.co.uk
19252 | safety.solutions@tiscali.co.uk | safety.solutions@tiscali.co.uk
19253 | boriana_gb@hotmail.com | boriana_gb@hotmail.com
19254 | steve.designs4u@ntlworld.com | steve.designs4u@ntlworld.com
19255 | robert@rmorse.wanadoo.co.uk | robert@rmorse.wanadoo.co.uk
19256 | ccaroline969@aol.com | ccaroline969@aol.com
19257 | matthew.loveless@btinternet.com | matthew.loveless@btinternet.com
19258 | don.thorogood@virgin.net | don.thorogood@virgin.net
19259 | dannyamosflynn@hotmail.com | dannyamosflynn@hotmail.com
19260 | terencemytton@msn.com | terencemytton@msn.com
19261 | jackiereeve@msn.com | jackiereeve@msn.com | alandiamond
19262 | louisemdavies2002@yahoo.co.uk | louisemdavies2002@yahoo.co.uk
19263 | bthompson446@aol.com | bthompson446@aol.com | ellender
19264 | carol.roberts28@btinternet.com | carol.roberts28@btinternet.com
19265 | susan@spayne88.wanadoo.co.uk | susan@spayne88.wanadoo.co.uk
19266 | tracy1302@aol.com | tracy1302@aol.com
19267 | sammietame@hotmail.com | sammietame@hotmail.com
19268 | gill@masm.co.uk | gill@masm.co.uk
19269 | c_geraghty211@hotmail.com | c_geraghty211@hotmail.com | Rosierat
19270 | kmarangos@hotmail.com | kmarangos@hotmail.com | mjkmprick
19271 | runner@robthe1.wanadoo.co.uk | runner@robthe1.wanadoo.co.uk
19272 | t.maddock@ntlworld.com | t.maddock@ntlworld.com | ckitianydio
19273 | selbyandy@aol.com | selbyandy@aol.com
19274 | paul.bell69@blueyonder.co.uk | paul.bell69@blueyonder.co.uk
19275 | jane71@tiscali.co.uk | jane71@tiscali.co.uk | sarah
19276 | janice.thomas3@ntlworld.com | janice.thomas3@ntlworld.com
19277 | samira245@hotmail.com | samira245@hotmail.com
19278 | tiahena@yahoo.co.uk | tiahena@yahoo.co.uk | simghtsea1
19279 | simon.corns@fsmail.net | simon.corns@fsmail.net
19280 | lynneb@lionfoods.com | lynneb@lionfoods.com
19281 | katyp3@msn.com | katyp3@msn.com
19282 | binthief@yahoo.co.uk | binthief@yahoo.co.uk
19283 | steve@aspins.freeserve.co.uk | steve@aspins.freeserve.co.uk | edinburgh97
19284 | loust@yahoo.com | loust@yahoo.com
19285 | jon.barrow@tesco.net | jon.barrow@tesco.net | balich
19286 | traceycade@msn.com | traceycade@msn.com
19287 | natalie_pearle@hotmail.com | natalie_pearle@hotmail.com
19288 | kirst1@btinternet.com | kirst1@btinternet.com
19289 | sue@logouk.com | sue@logouk.com | hayley
19290 | fordergary@msn.com | fordergary@msn.com
19291 | kantakhandaker@yahoo.com | kantakhandaker@yahoo.com
19292 | smatheson1979@tiscali.co.uk | smatheson1979@tiscali.co.uk
19293 | nicolaashforth356@msn.com | nicolaashforth356@msn.com | stacey
19294 | alanrowden8@aol.com | alanrowden8@aol.com
19295 | suecafe1949@yahoo.co.uk | suecafe1949@yahoo.co.uk
19296 | charles@tindall0305.wanadoo.co.uk | charles@tindall0305.wanadoo.co.uk
19297 | hartlley.john@virgin.net | hartlley.john@virgin.net | painter
19298 | andygolfcott@aol.com | andygolfcott@aol.com
19299 | goldenv@fsmail.net | goldenv@fsmail.net
19300 | nick@willybum.wanadoo.co.uk | nick@willybum.wanadoo.co.uk
19301 | stephen.kitchen@ntlworld.com | stephen.kitchen@ntlworld.com
19302 | sylvia.brunt2@btinternet.com | sylvia.brunt2@btinternet.com
19303 | siancaz@yahoo.co.uk | siancaz@yahoo.co.uk | wacky22
19304 | tucksfamily@blueyonder.co.uk | tucksfamily@blueyonder.co.uk | 04051969
19305 | samsmith844@hotmail.com | samsmith844@hotmail.com | password
19306 | jm001n8616@blueyonder.co.uk | jm001n8616@blueyonder.co.uk
19307 | philipebbans@blueyonder.co.uk | philipebbans@blueyonder.co.uk | edison
19308 | alanmillsr@hotmail.com | alanmillsr@hotmail.com | uncleal
19309 | gjhugs@hotmail.com | gjhugs@hotmail.com | prolific517
19310 | wai5@hotmail.com | wai5@hotmail.com | natalya1
19311 | julie.robinson007@virgin.net | julie.robinson007@virgin.net
19312 | janemoyle@onetel.net | janemoyle@onetel.net
19313 | littlemynx2002@yahoo.com | littlemynx2002@yahoo.com
19314 | info4collette@ntlworld.com | info4collette@ntlworld.com | cs210163
19315 | penn.tsolakis@ntlworld.com | penn.tsolakis@ntlworld.com
19316 | tetelle@ukgateway.net | tetelle@ukgateway.net
19317 | ewen@ewen8.wanadoo.co.uk | ewen@ewen8.wanadoo.co.uk
19318 | cauntyshazza1@aol.com | cauntyshazza1@aol.com | JESSIE
19319 | ruth.hilton3@ntlworld.com | ruth.hilton3@ntlworld.com
19320 | urabid@hotmail.com | urabid@hotmail.com | pakistan
19321 | tammyjane72@aol.com | tammyjane72@aol.com
19322 | shaneclark78@aol.com | shaneclark78@aol.com
19323 | khuws@hotmail.com | khuws@hotmail.com
19324 | ellen_in_edinburgh@yahoo.com | ellen_in_edinburgh@yahoo.com
19325 | ur_kunal1@rediffmail.com | ur_kunal1@rediffmail.com
19326 | littlekat24@aol.com | littlekat24@aol.com | kaine1
19327 | karinnedavies@hotmail.com | karinnedavies@hotmail.com
19328 | candy1960xx@yahoo.co.uk | candy1960xx@yahoo.co.uk
19329 | spyro190286@aol.com | spyro190286@aol.com
19330 | valerie@green6097.freeserve.co.uk | valerie@green6097.freeserve.co.uk
19331 | zebedee33@ntlworld.com | zebedee33@ntlworld.com
19332 | v.scott27@ntlworld.com | v.scott27@ntlworld.com
19333 | maxineg1008@aol.com | maxineg1008@aol.com
19334 | maralyn.lewis@ntlworld.com | maralyn.lewis@ntlworld.com
19335 | annawoods05@msn.com | annawoods05@msn.com
19336 | simonbayliss-news2868@mailblocks.com | simonbayliss-news2868@mailblocks.com
19337 | tomissexy@hotmail.com | tomissexy@hotmail.com
19338 | kdwynn199@aol.com | kdwynn199@aol.com | devon75
19339 | sandrarogers2004@hotmail.com | sandrarogers2004@hotmail.com
19340 | k.gardner2004@btinternet.com | | luckyme
19341 | amanda.finnegan@tiscali.co.uk | amanda.finnegan@tiscali.co.uk | smokey
19342 | enviroal38@yahoo.co.uk | enviroal38@yahoo.co.uk
19343 | trmatthe@blueyonder.co.uk | trmatthe@blueyonder.co.uk
19344 | g.grayson@tees.ac.uk | g.grayson@tees.ac.uk
19345 | jarvis127@hotmail.com | jarvis127@hotmail.com
19346 | tracyclarke67@yahoo.com | tracyclarke67@yahoo.com
19347 | benji25064731@yahoo.com | benji25064731@yahoo.com
19348 | anndon@tiscali.co.uk | anndon@tiscali.co.uk
19349 | emma_pugh@blueyonder.co.uk | emma_pugh@blueyonder.co.uk
19350 | aimee_liverpool_21@myway.com | aimee_liverpool_21@myway.com
19351 | kthompson160@tiscali.co.ukx13956482 | kthompson160@tiscali.co.ukx13956482
19352 | jkdbabe@hotmail.com | jkdbabe@hotmail.com | winwin
19353 | pamelapillay1@btinternet.com | pamelapillay1@btinternet.com
19354 | juliecurrie@blueyonder.co.uk | juliecurrie@blueyonder.co.uk | shandy
19355 | xxessence@hotmail.com | xxessence@hotmail.com
19356 | denisamorris@aol.com | denisamorris@aol.com
19357 | atri48@dsl.pipex.com | atri48@dsl.pipex.com
19358 | fafakamba@yahoo.com | fafakamba@yahoo.com
19359 | suomiltd@aol.com | suomiltd@aol.com
19360 | janalan@supanet.com | janalan@supanet.com
19361 | debfreeman205@msn.com | debfreeman205@msn.com
19362 | jayne@jd61.wanadoo.co.uk | jayne@jd61.wanadoo.co.uk
19363 | johnsthdd@aol.com | johnsthdd@aol.com
19364 | andeygoode@aol.com | andeygoode@aol.com | barefoot
19365 | cathycooney@tinyworld.co.uk | cathycooney@tinyworld.co.uk | michael
19366 | r.jupp1@ntlworld.com | r.jupp1@ntlworld.com
19367 | samoouel@hotmail.com | samoouel@hotmail.com
19368 | beryl_condra@msn.com | beryl_condra@msn.com
19369 | glynis.cowley33@ntlworld.com | glynis.cowley33@ntlworld.com
19370 | harleythom64@msn.com | harleythom64@msn.com
19371 | roryk23@hotmail.com | roryk23@hotmail.com
19372 | kudzi@hotmail.com | kudzi@hotmail.com
19373 | dazcj@ntlworld.com | dazcj@ntlworld.com | mamat39len
19374 | sharon6804@lycos.co.uk | sharon6804@lycos.co.uk | meatball
19375 | colinward51@hotmail.com | colinward51@hotmail.com | gateway
19376 | nasseruk2000@yahoo.co.uk | nasseruk2000@yahoo.co.uk | fattoo
19377 | clare_seal@yahoo.com | clare_seal@yahoo.com
19378 | chrislee2718@hotmail.com | chrislee2718@hotmail.com
19379 | monteysuave21@aol.com | monteysuave21@aol.com
19380 | jyjgroves@tiscali.co.uk | jyjgroves@tiscali.co.uk
19381 | christopherduke1664@hotmail.com | christopherduke1664@hotmail.com
19382 | bnice786@hotmail.com | bnice786@hotmail.com
19383 | honeyb_sheryl@hotmail.com | honeyb_sheryl@hotmail.com
19384 | kenbar@tiscali.co.uk | kenbar@tiscali.co.uk
19385 | ian@ianw27.wanadoo.co.uk | ian@ianw27.wanadoo.co.uk
19386 | graham@airlebird.karoo.co.uk | graham@airlebird.karoo.co.uk
19387 | tina_lucey@hotmail.com | tina_lucey@hotmail.com
19388 | jayne.bonfield@tesco.net | jayne.bonfield@tesco.net
19389 | barrydavies266@msn.com | barrydavies266@msn.com
19390 | keithrayson@rocketmail.com | | lambretta
19391 | feenansfive@newlandsroad.wanadoo.co.uk | feenansfive@newlandsroad.wanadoo.co.uk
19392 | ladyhawk_305@hotmail.com | ladyhawk_305@hotmail.com
19393 | julie.burgess@ntlworld.com | julie.burgess@ntlworld.com
19394 | madmouse011@aol.com | madmouse011@aol.com | stacey
19395 | sarah@hexham39.com | sarah@hexham39.com
19396 | annybann@yahoo.co.uk | annybann@yahoo.co.uk
19397 | hammerhea7752184@aol.com | hammerhea7752184@aol.com
19398 | mmonty@tiscali.co.uk | mmonty@tiscali.co.uk
19399 | dabram@dabram.co.uk | dabram@dabram.co.uk
19400 | jo.odonnell@ntlworld.com | jo.odonnell@ntlworld.com
19401 | carolinelogan@blueyonder.co.uk | carolinelogan@blueyonder.co.uk | iticiljospe
19402 | rhystaylor007@hotmail.com | rhystaylor007@hotmail.com
19403 | stephensmith31@hotmail.com | stephensmith31@hotmail.com
19404 | paul@pgreenway.freeserve.co.uk | paul@pgreenway.freeserve.co.uk | MASONIC
19405 | gillyannataylor@msn.com | gillyannataylor@msn.com
19406 | fsmlsn1@aol.com | fsmlsn1@aol.com | ghtseainfe
19407 | ggeordie1@aol.com | ggeordie1@aol.com | toon44
19408 | sunga@tiscali.co.uk | sunga@tiscali.co.uk
19409 | nickb@terra.com | nickb@terra.com
19410 | yvonnegrierson610@msn.com | yvonnegrierson610@msn.com | scooby
19411 | jaymzcrypts@hotmail.com | jaymzcrypts@hotmail.com
19412 | mcbuckwood@aol.com | mcbuckwood@aol.com
19413 | kentpaul1@aol.com | kentpaul1@aol.com
19414 | kat_oldfield99@yahoo.co.uk | kat_oldfield99@yahoo.co.uk
19415 | bgumani@hotmail.com | bgumani@hotmail.com
19416 | jankitch@blueyonder.co.uk | jankitch@blueyonder.co.uk
19417 | kfendley@aol.com | kfendley@aol.com
19418 | samwellellie@hotmail.com | samwellellie@hotmail.com
19419 | deborah.borg@tesco.net | deborah.borg@tesco.net | atherton
19420 | comps.initial@ntlworld.com | comps.initial@ntlworld.com
19421 | welshhotmama@hotmail.com | welshhotmama@hotmail.com | simnessouvet
19422 | seangols@postmaster.co.uk | seangols@postmaster.co.uk | tomuch
19423 | cwgcomper@hotmail.com | cwgcomper@hotmail.com
19424 | me.satere@virgin.net | me.satere@virgin.net
19425 | shortx@aol.com | shortx@aol.com
19426 | jcib7631@aol.com | jcib7631@aol.com
19427 | maria19636@aol.com | maria19636@aol.com | kerijohn
19428 | bethrennalls@yahoo.co.uk | bethrennalls@yahoo.co.uk | toeislerbo
19429 | nathan_flood@hotmail.com | nathan_flood@hotmail.com
19430 | teddington56@yahoo.com | teddington56@yahoo.com | Scrace12
19431 | robertson787@hotmail.com | robertson787@hotmail.com
19432 | valngeoff@aol.com | valngeoff@aol.com
19433 | jamie.duff@tesco.net | jamie.duff@tesco.net
19434 | mcsash@fsmail.net | mcsash@fsmail.net
19435 | carol.fernie@btinternet.com | carol.fernie@btinternet.com
19436 | fionacrouch23@aol.com | fionacrouch23@aol.com
19437 | brannenrg@aol.com | brannenrg@aol.com
19438 | dhadrar@tdg.co | dhadrar@tdg.co
19439 | pryan6@cwctv.net | pryan6@cwctv.net
19440 | ianandrain@aol.com | ianandrain@aol.com
19441 | brentys@msn.com | brentys@msn.com
19442 | danry@vanmecca.fsworld.co.uk | danry@vanmecca.fsworld.co.uk
19443 | darren@web.name | darren@web.name
19444 | rowanirwin@yahoo.co.uk | rowanirwin@yahoo.co.uk | prejolentio
19445 | ailsa_carruthers18@hotmail.com | ailsa_carruthers18@hotmail.com | Leonardo
19446 | campbellh42@hotmail.com | campbellh42@hotmail.com
19447 | vickijackson@fsmail.net | vickijackson@fsmail.net | vicjac
19448 | joannetaylor279@hotmail.com | joannetaylor279@hotmail.com
19449 | fiddon7@aol.com | fiddon7@aol.com
19450 | e-head@blueyonder.co.uk | e-head@blueyonder.co.uk
19451 | jgibbs4@ntlworld.com | | gemma1
19452 | jayne.griffiths@paradedirect.co.uk | jayne.griffiths@paradedirect.co.uk
19453 | mmairs@btinternet.com | mmairs@btinternet.com
19454 | morganjanet3@aol.com | morganjanet3@aol.com
19455 | emmaj@blackfin.fsnet.co.uk | emmaj@blackfin.fsnet.co.uk
19456 | ddavison15@aol.com | ddavison15@aol.com
19457 | michael.knights1@ntlworld.com | | itianypolok
19458 | david.drpc@btconnect.com | david.drpc@btconnect.com | jontoria
19459 | spaceoranges@tesco.net | spaceoranges@tesco.net
19460 | jacqueline@legg7.wanadoo.co.uk | jacqueline@legg7.wanadoo.co.uk
19461 | jacquijay_19@hotmail.com | jacquijay_19@hotmail.com
19462 | ada_davies@hotmail.com | ada_davies@hotmail.com
19463 | rodericcollins151@msn.com | rodericcollins151@msn.com
19464 | nikki66d66@aol.com | nikki66d66@aol.com
19465 | davidscott@cheerful.com | davidscott@cheerful.com
19466 | greenjohng@msn.com | greenjohng@msn.com
19467 | susielise01@yahoo.com | susielise01@yahoo.com
19468 | dee1@stevens22485.fslife.co.uk | dee1@stevens22485.fslife.co.uk
19469 | davegbarker@btinternet.com | davegbarker@btinternet.com | referee
19470 | sirrocco.w@virgin.net | sirrocco.w@virgin.net
19471 | imcclel051047@aol.com | imcclel051047@aol.com
19472 | emansie@aol.com | emansie@aol.com | courtney
19473 | thomas@tcapstick.wanadoo.co.uk | thomas@tcapstick.wanadoo.co.uk
19474 | ajagadambe@yahoo.com | ajagadambe@yahoo.com
19475 | kellecrossland@blueyonder.co.uk | kellecrossland@blueyonder.co.uk
19476 | emma_mcnally88@hotmail.com | emma_mcnally88@hotmail.com
19477 | eileen.reid1@ntlworld.com | eileen.reid1@ntlworld.com
19478 | barbaramaddern@hotmail.com | barbaramaddern@hotmail.com
19479 | angythur@lycos.co.uk | angythur@lycos.co.uk | teabag
19480 | mayledw@aol.com | mayledw@aol.com | sealenvetdio
19481 | angels.honey@ntlworld.com | angels.honey@ntlworld.com
19482 | claire.birch4@btinternet.com | claire.birch4@btinternet.com
19483 | melanielifton@tesco.net | melanielifton@tesco.net
19484 | dsmayhew007@aol.com | dsmayhew007@aol.com
19485 | jeanhageman@onetel.com | jeanhageman@onetel.com
19486 | greguglow@blueyonder.co.uk | greguglow@blueyonder.co.uk
19487 | katiektmy04@aol.com | katiektmy04@aol.com
19488 | littletanjo@hotmail.com | littletanjo@hotmail.com
19489 | alexandra.wilson@doyrms.com | alexandra.wilson@doyrms.com
19490 | winifredrhodes23@hotmail.com | winifredrhodes23@hotmail.com | tenerife2
19491 | babycakes190683@aol.com | babycakes190683@aol.com
19492 | francis16@tiscali.co.uk | francis16@tiscali.co.uk | benson
19493 | nicklstimson@yahoo.co.uk | nicklstimson@yahoo.co.uk
19494 | sarahbutler21@hotmail.com | sarahbutler21@hotmail.com | danielle
19495 | ocrpat2@aol.com | ocrpat2@aol.com
19496 | keith_aspinall@hotmail.com | keith_aspinall@hotmail.com
19497 | eddierimmer@fsmail.net | eddierimmer@fsmail.net
19498 | robhynds03@yahoo.co.uk | robhynds03@yahoo.co.uk
19499 | deniscarlin@blueyonder.co.uk | deniscarlin@blueyonder.co.uk
19500 | clare@hodgen.fslife.co.uk | clare@hodgen.fslife.co.uk
19501 | ajm_0_0_7@hotmail.com | ajm_0_0_7@hoymail.com
19502 | austinmeeson.1944@virgin.net | austinmeeson.1944@virgin.net
19503 | janice.cavill@ntlworld.com | janice.cavill@ntlworld.com
19504 | joe@douglas5908.fsnet.co.uk | joe@douglas5908.fsnet.co.uk
19505 | mattthewholden@yahoo.co.uk | mattthewholden@yahoo.co.uk
19506 | martinconnell6@hotmail.com | martinconnell6@hotmail.com
19507 | terry.goldstein@ntlworld.com | terry.goldstein@ntlworld.com
19508 | kierantreacy@hotmail.com | kierantreacy@hotmail.com
19509 | debbie.blower@tiscali.co.uk | debbie.blower@tiscali.co.uk
19510 | charlescarmel@tiscali.co.uk | charlescarmel@tiscali.co.uk
19511 | a.huscroft@ntlworld.com | a.huscroft@ntlworld.com | genevieve12
19512 | ab247@kent.ac.uk | ab247@kent.ac.uk
19513 | uruj_uk2003@yahoo.com | uruj_uk2003@yahoo.com
19514 | louise.duke@virgin.net | louise.duke@virgin.net
19515 | mrwillrichards@hotmail.com | mrwillrichards@hotmail.com | kernow
19516 | lisa@universal-images.co.uk | lisa@universal-images.co.uk | beatles
19517 | linda.scott_1@lycos.co.uk | | michelle23
19518 | marytizzy@hotmail.com | marytizzy@hotmail.com
19519 | christinedaae_aom@hotmail.com | christinedaae_aom@hotmail.com
19520 | wyldefire1979@yahoo.co.uk | wyldefire1979@yahoo.co.uk
19521 | jefna_sibes@hotmail.com | jefna_sibes@hotmail.com | huskies
19522 | faynightowl@hotmail.com | faynightowl@hotmail.com
19523 | guykp57@aol.com | guykp57@aol.com
19524 | lynnypinny@btinternet.com | lynnypinny@btinternet.com | george
19525 | freespirit_288@hotmail.com | freespirit_288@hotmail.com
19526 | alanpearson5@aol.com | alanpearson5@aol.com
19527 | r.morgans@ntlworld.com | r.morgans@ntlworld.com
19528 | philipgee2002@yahoo.co.uk | philipgee2002@yahoo.co.uk
19529 | helenrtaylor@btinternet.com | helenrtaylor@btinternet.com
19530 | cockyk8@hotmail.com | cockyk8@hotmail.com
19531 | laxeywheel@msn.com | laxeywheel@msn.com
19532 | lalnwmn@aol.com | lalnwmn@aol.com | neschociller
19533 | karen456@fsmail.net | karen456@fsmail.net
19534 | amanda791@btinternet.com | amanda791@btinternet.com
19535 | deniseharrison@hotmail.co.u | deniseharrison@hotmail.co.u
19536 | lizkenyon@msn.com | lizkenyon@msn.com
19537 | marilynharkins@blueyonder.co.uk | marilynharkins@blueyonder.co.uk
19538 | jr011a2850@blueyonder.co.uk | jr011a2850@blueyonder.co.uk | louden
19539 | dnldabrahm@aol.com.uk | dnldabrahm@aol.com.uk
19540 | wez_master_zero@hotmail.com | wez_master_zero@hotmail.com
19541 | louisew_hamilton@yahoo.co.uk | louisew_hamilton@yahoo.co.uk | glasgow
19542 | kate@midd11.freeserve.co.uk | kate@midd11.freeserve.co.uk
19543 | hthomson@livingston22.wanadoo.co.uk | hthomson@livingston22.wanadoo.co.uk
19544 | brian@bfryer.wanadoo.co.uk | brian@bfryer.wanadoo.co.uk | 151048
19545 | chloeaaron1@aol.com | chloeaaron1@aol.com | chloe1
19546 | donna_chloe@blueyonder.co.uk | donna_chloe@blueyonder.co.uk
19547 | sh_ningtiyas@yahoo.co.uk | sh_ningtiyas@yahoo.co.uk | soulatplebo
19548 | kmartincambridge@aol.com | kmartincambridge@aol.com
19549 | stamfordreg@aol.com | stamfordreg@aol.com | CHELSEA
19550 | paulineturner@btinternet.com | paulineturner@btinternet.com
19551 | katallan59@hotmail.com | katallan59@hotmail.com
19552 | judith@jud1mur.freeserve.co.uk | judith@jud1mur.freeserve.co.uk | camera
19553 | chynawitch2000@yahoo.co.uk | chynawitch2000@yahoo.co.uk
19554 | twesthead@aol.com | twesthead@aol.com
19555 | jamie@gooding5.wanadoo.co.uk | jamie@gooding5.wanadoo.co.uk
19556 | markjoslin41@yahoo.co.uk | markjoslin41@yahoo.co.uk
19557 | thewanderermk1@msn.com | thewanderermk1@msn.com | b02031940
19558 | austin.claire@ntlworld.com | austin.claire@ntlworld.com
19559 | lyn49sys@hotmail.com | lyn49sys@hotmail.com
19560 | emmaoxley@hotmail.com | emmaoxley79@aol.com | jonpaul1
19561 | ktbryony@hotmail.com | ktbryony@hotmail.com
19562 | alex-carol@hixon.fsnet.co.uk | alex-carol@hixon.fsnet.co.uk
19563 | dominiquelovatt@ntlworld.com | dominiquelovatt@ntlworld.com
19564 | leslie33@tiscali.co.uk | leslie33@tiscali.co.uk
19565 | vickie81_22@hotmail.com | vickie81_22@hotmail.com
19566 | lu_21_@hotmail.com | lu_21_@hotmail.com
19567 | colinferguson27@msn.com | colinferguson27@msn.com
19568 | clairabell69@hotmail.com | clairabell69@hotmail.com
19569 | deborah@finally13.fsnet.co.ul | deborah@finally13.fsnet.co.ul
19570 | embers.uk@virgin.net | embers.uk@virgin.net
19571 | eerankin@onetel.com | eerankin@onetel.com
19572 | picachoo6@hotmail.com | picachoo6@hotmail.com | sandyfrew
19573 | djregor@hotmail.com | djregor@hotmail.com | g5cxfh
19574 | Bardfelic@SoapsJunkie.com | Bardfelic@SoapsJunkie.com | kimpam
19575 | Abrahamadrien@lycos.com | Abrahamadrien@lycos.com | fgidjxvd
19576 | Natalielauren@yahoo.com | Natalielauren@yahoo.com | batukqcqy
19577 | phillypersiancat@aol.com | phillypersiancat@aol.com
19578 | Burtonroi@aol.com | Burtonroi@aol.com | dowwbpqg
19579 | Oliverpaddy@SaveCougars.com | Oliverpaddy@SaveCougars.com | aoagesve
19580 | Lesterchaunce@lycos.com | Lesterchaunce@lycos.com | uvcdoo
19581 | willyoung_lover@hotmail.com | willyoung_lover@hotmail.com
19582 | Candancechaunce@Spazzedout.com | Candancechaunce@Spazzedout.com | ydhddhj
19583 | Paulacollin@HipHopStar.com | Paulacollin@HipHopStar.com | vugxarrm
19584 | tinameadowcroft@yahoo.com | tinameadowcroft@yahoo.com
19585 | lisapotter0579@hotmail.com | lisapotter0579@hotmail.com | meganlouise
19586 | andyboyles@tiscali.co.uk | andyboyles@tiscali.co.uk
19587 | elonawoods@aol.com | elonawoods@aol.com
19588 | sheilamcgill@telecomplus.org.uk | sheilamcgill@telecomplus.org.uk
19589 | philroberts37@yahoo.co.uk | philroberts37@yahoo.co.uk
19590 | leejay74@hotmail.com | leejay74@hotmail.com
19591 | m.preston@etoncollege.org.uk | m.preston@etoncollege.org.uk | eggfriedrice
19592 | tonyone64@hotmail.com | tonyone64@hotmail.com
19593 | patrickclarke4@aol.com | patrickclarke4@aol.com
19594 | kirstie.stevenson@ntlworld.com | kirstie.stevenson@ntlworld.com
19595 | lynettecmorgan@hotmail.com | lynettecmorgan@hotmail.com
19596 | bigbubble@blueyonder.co.uk | bigbubble@blueyonder.co.uk
19597 | noddy@home1122.wanadoo.co.uk | noddy@home1122.wanadoo.co.uk
19598 | nikki.nunn@ntlworld.com | nikki.nunn@ntlworld.com
19599 | dellowone@yahoo.com | dellowone@yahoo.com
19600 | chloef1511@hotmail.com | chloef1511@hotmail.com
19601 | leeatport@hotmail.com | leeatport@hotmail.com
19602 | peter@gyles8401.freeserve.co.uk | peter@gyles8401.freeserve.co.uk
19603 | michaela@valueweb.co.uk | michaela@valueweb.co.uk
19604 | abigail@abigailharwood.wanadoo.co.uk | abigail@abigailharwood.wanadoo.co.uk
19605 | kathg1977@aol.com | kathg1977@aol.com
19606 | grahamp40@yahoo.com | grahamp40@yahoo.com | nipper
19607 | devorahsamuel@blueyonder.co.uk | devorahsamuel@blueyonder.co.uk
19608 | peter.watkins2@blueyonder.co.uk | peter.watkins2@blueyonder.co.uk | pamason
19609 | sugar_simone@hotmail.com | sugar_simone@hotmail.com
19610 | mdkamvic@hotmail.com | mdkamvic@hotmail.com
19611 | jonasroberts@hotmail.com | jonasroberts@hotmail.com
19612 | luke_osullivan1234@o2.co.uk | luke_osullivan1234@o2.co.uk
19613 | lynda@lyndabaldwin.wanadoo.co.uk | lynda@lyndabaldwin.wanadoo.co.uk
19614 | eajgalvin@aol.com | eajgalvin@aol.com
19615 | vivienpoole@aol.com | vivienpoole@aol.com
19616 | fredpeg@aol.com | fredpeg@aol.com | snowball
19617 | pamdiddy@tiscali.co.uk | pamdiddy@tiscali.co.uk
19618 | peterjaustin@tiscali.co.uk | peterjaustin@tiscali.co.uk
19619 | d.dindley@ntlworld.com | d.dindley@ntlworld.com
19620 | peter.rogers@tesco.net | peter.rogers@tesco.net
19621 | damien@acd2.wanadoo.co.uk | damien@acd2.wanadoo.co.uk
19622 | rattie_jb@hotmail.com | rattie_jb@hotmail.com
19623 | mrcross@blueyonder.co.uk | mrcross@blueyonder.co.uk
19624 | danielstoyanov@msn.com | danielstoyanov@msn.com
19625 | nigel@backhold36.wanadoo.co.uk | nigel@backhold36.wanadoo.co.uk
19626 | ianpstewart@hotmail.com | ianpstewart@hotmail.com | 2gatti
19627 | alison@houston3.wanadoo.co.uk | alison@houston3.wanadoo.co.uk
19628 | hollyhookuk@yahoo.co.uk | hollyhookuk@yahoo.co.uk
19629 | mstaylor@1066ad.com | mstaylor@1066ad.com
19630 | yorkshireshell@aol.com | yorkshireshell@aol.com
19631 | poolshark@supanet.com | poolshark@supanet.com
19632 | ripley_uk5@yahoo.com | ripley_uk5@yahoo.com
19633 | mike@sky4aviation.co.uk | mike@sky4aviation.co.uk
19634 | roncree@blueyonde.co.uk | roncree@blueyonde.co.uk
19635 | moira@classic900parts.co.uk | moira@classic900parts.co.uk
19636 | kayana1324@hotmail.com | kayana1324@hotmail.com
19637 | trixeyb03@yahoo.co.uk | trixeyb03@yahoo.co.uk | trolla
19638 | p.lowe4@ntlworld.com | p.lowe4@ntlworld.com
19639 | jillmorgan04@aol.com | jillmorgan04@aol.com
19640 | sarandrast@homewivkids.wanadoo.co.uk | sarandrast@homewivkids.wanadoo.co.uk
19641 | chard1st@hotmail.com | chard1st@hotmail.com | blanche
19642 | nigelmckeen@fsmail.net | nigelmckeen@fsmail.net | 0010072
19643 | lynlangendoen@hotmail.com | lynlangendoen@hotmail.com
19644 | paul@paulmeredith.wanadoo.co.uk | paul@paulmeredith.wanadoo.co.uk
19645 | robun@btinternet.com | robun@btinternet.com
19646 | lisa.stradling@btconnect.com | lisa.stradling@btconnect.com
19647 | pga.james@virgin.net | pga.james@virgin.net
19648 | birdi62@hotmail.com | birdi62@hotmail.com
19649 | jbrooksbank@lycos.co.uk | jbrooksbank@lycos.co.uk
19650 | nazcrx@hotmail.com | nazcrx@hotmail.com
19651 | mail@scottriley.co.uk | mail@scottriley.co.uk
19652 | heatherkowalik@yahoo.co.uk | heatherkowalik@yahoo.co.uk
19653 | keeleywells@lycos.co.uk | keeleywells@lycos.co.uk
19654 | mrb102@tesco.net | mrb102@tesco.net
19655 | matthewjworrall@hotmail.com | matthewjworrall@hotmail.com
19656 | juliet.eve@gmail.com | juliet.eve@gmail.com | wunjo1
19657 | ruthanne@tiscali.co.uk | ruthanne@tiscali.co.uk
19658 | gemma_pitman@msn.com | gemma_pitman@msn.com
19659 | lucindaemery@vodafone.net | lucindaemery@vodafone.net
19660 | k_i_a@postmaster.co.uk | k_i_a@postmaster.co.uk
19661 | zbaksh@fsmail.net | zbaksh@fsmail.net | zamo1957
19662 | meganskinner@blueyonder.co.uk | meganskinner@blueyonder.co.uk
19663 | dlp1610@yahoo.co.uk | dlp1610@yahoo.co.uk
19664 | sillitoet@aol.com | sillitoet@aol.com
19665 | i_practise_bitchcraft@hotmail.com | i_practise_bitchcraft@hotmail.com
19666 | ian.baxter7@ntlworld.com | ian.baxter7@ntlworld.com
19667 | michele.key@btinternet.com | michele.key@btinternet.com
19668 | cassiehagger@hotmail.com | cassiehagger@hotmail.com
19669 | traceywalker7@msn.com | traceywalker7@msn.com
19670 | bitch_03_5@email2me.net | bitch_03_5@email2me.net | dylant
19671 | pete43_uk@hotmail.com | pete43_uk@hotmail.com | shazbaby
19672 | emmaparmiter@yahoo.co.uk | eparmiter@yahoo.com | chester
19673 | andrew@clist007.fsnet.co.uk | andrew@clist007.fsnet.co.uk | raekwon1
19674 | nuclear@v21.me.uk | nuclear@v21.me.uk | nuclear
19675 | suekatalin7@yahoo.com | suekatalin7@yahoo.com | mishka
19676 | amanda.kelly@bakertilly.co.uk | amanda.kelly@bakertilly.co.uk
19677 | trish.taylor3@ntlworld.com | trish.taylor3@ntlworld.com
19678 | andrew@tull.org.uk | | remote
19679 | eburtuk@netscape.net | eburtuk@netscape.net | shannon
19680 | colin.henderson@btinternet.com | colin.henderson@btinternet.com
19681 | gemma.amphlett1@ntlworld.com | gemma.amphlett1@ntlworld.com | levit100
19682 | ATWEED129@AOL.COM | ATWEED129@AOL.COM
19683 | danimik@btinternet.com | danimik@btinternet.com
19684 | jcathrew@hotmail.com | jcathrew@hotmail.com | nordfjord
19685 | jmnw09520@blueyonder.co.uk | jmnw09520@blueyonder.co.uk | shonni
19686 | michelle.sutherland@london-fire.gov.uk | michelle.sutherland@london-fire.gov.uk
19687 | brianjohnfrankland@tinyworld.co.uk | brianjohnfrankland@tinyworld.co.uk
19688 | probe@winnow.fsnet.co.uk | probe@winnow.fsnet.co.uk | blodwyn
19689 | stephen@baker17.freeserve.co.uk | stephen@baker17.freeserve.co.uk | wallace10
19690 | eunsam2@aol.com | eunsam2@aol.com | fluffy
19691 | Edwina.Clark@act.eu.com | Edwina.Clark@act.eu.com
19692 | mohamed.ikhatabene@ntlworld.com | mohamed.ikhatabene@ntlworld.com | golden
19693 | mw001e5019@blueyonder.co.uk | mw001e5019@blueyonder.co.uk | mat2012
19694 | glensman32@aol.com | glensman32@aol.com | glensman1
19695 | cmunro@liv.ac.uk | cmunro@liv.ac.uk
19696 | neil478@blueyonder.co.uk | neil478@blueyonder.co.uk
19697 | sparker@click2freedom.com | sparker@click2freedom.com | mustard
19698 | dh015a2156@blueyonder.co.uk | dh015a2156@blueyonder.co.uk
19699 | mse0525@aol.com | mse0525@aol.com | mse309s
19700 | comps@ess-jay.co.uk | comps@ess-jay.co.uk
19701 | latham64@fsmail.net | latham64@fsmail.net
19702 | MARTCAROLADAMS6@btinternet.com | MARTCAROLADAMS6@btinternet.com
19703 | bossted32@aol.com | bossted32@aol.com
19704 | adele.leech@jo-el.co.uk | adele.leech@jo-el.co.uk
19705 | clairebarker@aol.com | clairebarker@aol.com | giraffe
19706 | marco@ccmguk.com | marco@ccmguk.com
19707 | andrew.dunkley1@ntlworld.com | andrew.dunkley1@ntlworld.com
19708 | Saylgy@aol.com | Saylgy@aol.com
19709 | k.wright20@ntlworld.com | k.wright20@ntlworld.com
19710 | CHALK@TESCO.NET | CHALK@TESCO.NET
19711 | caroline.p@pal.co.uk | | MANCHESTER
19712 | richardellis@cwgsy.net | richardellis@cwgsy.net
19713 | annettem@dmri.co.uk | annettem@dmri.co.uk
19714 | stephen.4.smith@bt.com | stephen.4.smith@bt.com
19715 | psanders@cwgsy.net | psanders@cwgsy.net
19716 | as10042004@yahoo.co.uk | as10042004@yahoo.co.uk | iloveyou
19717 | ron@earnxtra.fsnet.co.uk | ron@earnxtra.fsnet.co.uk
19718 | sapper063@hotmail.com | sapper063@hotmail.com | video86
19719 | kathycull@ntlworld.com | kathycull@ntlworld.com | brucker
19720 | MagsRPo@aol.com | MagsRPo@aol.com | bladepup
19721 | grahame_rees@fsmail.net | | warrior
19722 | hp30011@aol.com | hp30011@aol.com
19723 | ajfscot-fife@yahoo.co.uk | ajfscot-fife@yahoo.co.uk
19724 | mrrskipp@aol.com | mrrskipp@aol.com | rs51247
19725 | nicksal37@aol.com | nicksal37@aol.com | ciders
19726 | fionaw@netherfield.co.uk | fionaw@netherfield.co.uk | Maxdog
19727 | brian@phillips4152.fsnet.co.uk | brian@phillips4152.fsnet.co.uk | ghetto
19728 | genime@tesco.net | genime@tesco.net
19729 | maryb22331@yahoo.co.uk | maryb22331@yahoo.co.uk | northend
19730 | jim_obrien@lineone.net | jim_obrien@lineone.net
19731 | b2j2c2@aol.com | b2j2c2@aol.com | Fatspigs
19732 | paulstrickland@heavenshome.freeserve.co.uk | paulstrickland@heavenshome.freeserve.co.uk | gunners
19733 | dave@paleda.freeserve.co.uk | dave@paleda.freeserve.co.uk | vampire
19734 | samanthathomlins@aol.com | samanthathomlins@aol.com
19735 | DCJ49DAVCOL@aol.com | DCJ49DAVCOL@aol.com
19736 | alanshiels2000@yahoo.co.uk | alanshiels2000@yahoo.co.uk
19737 | Beaniebabes81993@aol.com | Beaniebabes81993@aol.com
19738 | stevemac@f2s.com | stevemac@f2s.com
19739 | robert.kerton@ntlworld.com | robert.kerton@ntlworld.com
19740 | reececoleman@hotmail.com | | startrek
19741 | thepitstop32@talktalk.net | | startrek
19742 | richard.puckrin@ntlworld.com | richard.puckrin@ntlworld.com | xvn898
19743 | brijon@blueyonder.co.uk | brijon@blueyonder.co.uk
19744 | simon_gurnhill@yahoo.co.uk | simon_gurnhill@yahoo.co.uk | 19101982
19745 | daviehoggan@aol.com | daviehoggan@aol.com
19746 | doreen@doreenwalters.wanadoo.co.uk | doreen@doreenwalters.wanadoo.co.uk
19747 | herman.otten@btopenworld.com | herman.otten@btopenworld.com
19748 | MARK.RAFFAELLI1@NTLWORLD.COM | MARK.RAFFAELLI1@NTLWORLD.COM
19749 | bg004f5611@blueyonder.co.uk | bg004f5611@blueyonder.co.uk | sooty100
19750 | igormind@yahoo.co.uk | igormind@yahoo.co.uk | ig634004
19751 | freckleface@ritzy72.freeserve.co.uk | freckleface@ritzy72.freeserve.co.uk
19752 | susiep@ntlworld.com | susiep@ntlworld.com | password
19753 | aidan.manchester@btopenworld.com | aidan.manchester@btopenworld.com
19754 | carolabou@ntlworld.com | carolabou@ntlworld.com | alethea
19755 | f.a.woods1@ntlworld.com | f.a.woods1@ntlworld.com | moorcroft
19756 | sf10042004@yahoo.co.uk | sf10042004@yahoo.co.uk | iloveyou
19757 | dennis.postill@btinternet.com | dennis.postill@btinternet.com | benjamin1
19758 | adam.smith340@ntlworld.com | adam.smith340@ntlworld.com
19759 | biddwiser@yahoo.com | biddwiser@yahoo.com
19760 | denniselliott6@aol.com | denniselliott6@aol.com | rabbit5
19761 | kerensa.foskett@btinternet.com | kerensa.foskett@btinternet.com
19762 | sallybowler@hotmail.com | sallybowler@hotmail.com | henry*
19763 | hip0101uk@yahoo.co.uk | hip0101uk@yahoo.co.uk
19764 | david.king33@ntlworld.com | david.king33@ntlworld.com
19765 | vivian@fireballvideo.fsnet.co.uk | vivian@fireballvideo.fsnet.co.uk | yw4521
19766 | mawhen8@yahoo.co.uk | mawhen8@yahoo.co.uk
19767 | greenstew@btopenworld.com | greenstew@btopenworld.com
19768 | allan.pc@ntlworld.com | allan.pc@ntlworld.com | duke11
19769 | phil.milbourne@ntlworld.com | phil.milbourne@ntlworld.com | phil740
19770 | greengreen@ntlworld.com | greengreen@ntlworld.com
19771 | john.radburn@ntlworld.com | john.radburn@ntlworld.com
19772 | rosie@nippard.co.uk | rosie@nippard.co.uk | herbert
19773 | allanscomps@aol.com | allanscomps@aol.com
19774 | fionaclist@yahoo.co.uk | fionaclist@yahoo.co.uk | andyclist
19775 | nicole.samson@ntlworld.com | nicole.samson@ntlworld.com
19776 | PINTATARTAN@HOTMAIL.COM | PINTATARTAN@HOTMAIL.COM
19777 | beeswax56@operamail.com | beeswax56@operamail.com | goldfinger
19778 | foinette@aol.com | foinette@aol.com | ernest
19779 | paulbrace@ukonline.co.uk | paulbrace@ukonline.co.uk | felicity
19780 | burdettemma@aol.com | burdettemma@aol.com
19781 | bobbybabes@ntlworld.co.uk | bobbybabes@ntlworld.co.uk | rangers
19782 | tony.dhunt@tesco.net | tony.dhunt@tesco.net
19783 | trudy.bushell@ntlworld.com | trudy.bushell@ntlworld.com | 200252
19784 | Hildaarturo@fastmail.us | Hildaarturo@fastmail.us | qmervaoxe
19785 | Kristinwashington@optician.com | Kristinwashington@optician.com | yugcgarr
19786 | Noviaboris@lycos.com | Noviaboris@lycos.com | vffjxbqjg
19787 | Atwoodelijah@lycos.co.uk | Atwoodelijah@lycos.co.uk | rvhnli
19788 | Jackbrendon@aol.com | Jackbrendon@aol.com | iosukxjd
19789 | Lauraniki@lycos.com | Lauraniki@lycos.com | totxvr
19790 | Aaronwinfred@hotmail.com | Aaronwinfred@hotmail.com | nyvtaasmw
19791 | connie@refaim.fsnet.co.uk | connie@refaim.fsnet.co.uk
19792 | laraine.walsh@tiscali.co.uk | laraine.walsh@tiscali.co.uk | shamrock
19793 | kellywalton@hotmail.com | kellywalton@hotmail.com | tommygirl
19794 | Dwightrandolf@truefoodsmarket.com | Dwightrandolf@truefoodsmarket.com | bvsbibnsd
19795 | Bernicewolfie@yahoo.co.uk | Bernicewolfie@yahoo.co.uk | iduwrusf
19796 | thewitch@fsmail.net | thewitch@fsmail.net
19797 | hedward1@ford.com | hedward1@ford.com
19798 | josie5685@aol.com | josie5685@aol.com
19799 | darren@darrenloye.wanadoo.co.uk | darren@darrenloye.wanadoo.co.uk | bigbonus
19800 | bryan.veervald@eldon.co.uk | bryan.veervald@eldon.co.uk | gpz900
19801 | jim@mcgibbney.fsnet.co.uk | jim@mcgibbney.fsnet.co.uk | deborahh
19802 | mysticmmm@btinternet.com | mysticmmm@btinternet.com
19803 | airdogxxx@yahoo.co.uk | airdogxxx@yahoo.co.uk
19804 | mikejones777@rock.com | mikejones777@rock.com | margate
19805 | pmaycock@wpm-group.com | pmaycock@wpm-group.com
19806 | adrian@dunn38.fsnet.co.uk | adrian@dunn38.fsnet.co.uk
19807 | helenstevens1@tiscali.co.uk | helenstevens1@tiscali.co.uk | piper1
19808 | creeves06@fsmail.net | creeves06@fsmail.net
19809 | maz_madhouse@yahoo.co.uk | maz_madhouse@yahoo.co.uk
19810 | anne-doug@supanet.com | anne-doug@supanet.com
19811 | lee_m_randall@yahoo.co.uk | lee_m_randall@yahoo.co.uk | harley
19812 | evelyn.st@btinternet.com | evelyn.st@btinternet.com | john123
19813 | jackie_marks@hotmail.com | jackie_marks@hotmail.com | springer
19814 | IHowse@aol.com | IHowse@aol.com
19815 | ann.pearson5@ntlworld.com | ann.pearson5@ntlworld.com | Guiding
19816 | denisesargeant1@ntlworld.com | denisesargeant1@ntlworld.com
19817 | Katherinesloane@aol.com | Katherinesloane@aol.com | jwtaaow
19818 | Donshaughn@yahoo.co.uk | Donshaughn@yahoo.co.uk | qdaipjdt
19819 | Webstercurrie@lycos.com | Webstercurrie@lycos.com | xillak
19820 | Elvirafoster@lycos.com | Elvirafoster@lycos.com | ebwxsnjdl
19821 | Sarahchance@Too-Smart.com | Sarahchance@Too-Smart.com | yubpavwqn
19822 | allanshotton@netscape.net | allanshotton@netscape.net
19823 | dsfSD@fsd.com | dsfSD@fsd.com | hhhhh
19824 | sachiel@blueyonder.co.uk | sachiel@blueyonder.co.uk | snooty
19825 | davebarwise@hotmail.com | davebarwise@hotmail.com | marville
19826 | davidspooner@email.ky | davidspooner@email.ky
19827 | paulcolwell@mail.com | paulcolwell@mail.com | united
19828 | markdebz@yahoo.co.uk | markdebz@yahoo.co.uk | william
19829 | van81@blueyonder.co.uk | van81@blueyonder.co.uk | celicagt
19830 | LEE@parrylee.wanadoo.co.uk | LEE@parrylee.wanadoo.co.uk | cecil
19831 | lally155@hotmail.com | lally155@hotmail.com | sausages
19832 | ammac38@aol.com | ammac38@aol.com
19833 | sevgiesensel@aol.com | sevgiesensel@aol.com | mehmet
19834 | johnwilloughby00@aol.com | johnwilloughby00@aol.com
19835 | tashabonna@yahoo.co.uk | tashabonna@yahoo.co.uk
19836 | tyronehayley@aol.com | tyronehayley@aol.com | chloe
19837 | janesk7@aol.com | janesk7@aol.com | scorpio
19838 | Isaacobadiah@lycos.com | Isaacobadiah@lycos.com | hbrfly
19839 | Cashlowrance@hotmail.com | Cashlowrance@hotmail.com | qefkwjwoh
19840 | Danielbrandtr@lycos.com | Danielbrandtr@lycos.com | tdjvkjmb
19841 | Hilarysidney@lycos.com | Hilarysidney@lycos.com | dfmjkgujw
19842 | ron@bruinbear.f2s.com | ron@bruinbear.f2s.com
19843 | tony.cox33@ntlworld.com | tony.cox33@ntlworld.com | caroline
19844 | wendywhisson@yahoo.co.uk | wendywhisson@yahoo.co.uk
19845 | rachael.walsh5364@tiscali.co.uk | rachael.walsh5364@tiscali.co.uk | astra283
19846 | Monicakelby@madeincanada.com | Monicakelby@madeincanada.com | sqnbhnmr
19847 | Melissaermanno@yahoo.com | Melissaermanno@yahoo.com | vnmfctfxh
19848 | Rexalley@petmem.com | Rexalley@petmem.com | vfivklie
19849 | Besslorin@aol.com | Besslorin@aol.com | btdqxeyly
19850 | Joannacaz@lycos.co.uk | Joannacaz@lycos.co.uk | yryyvhsi
19851 | Xenianeron@lycos.com | Xenianeron@lycos.com | fwityxki
19852 | Quincyfransisco@imstressed.com | Quincyfransisco@imstressed.com | mlymle
19853 | janedru@supanet.com | janedru@supanet.com
19854 | strangeme@techie.com | strangeme@techie.com | gemini
19855 | timjam@clerk.com | timjam@clerk.com
19856 | Lydiaenglebert@lycos.co.uk | Lydiaenglebert@lycos.co.uk | vjceofp
19857 | Sarahollie@lycos.com | Sarahollie@lycos.com | pjvefk
19858 | Lutherwinfred@GoldenBearsRule.net | Lutherwinfred@GoldenBearsRule.net | bskpwgx
19859 | Queenakarl@asia.com | Queenakarl@asia.com | urjhapi
19860 | Gilesperice@lycos.co.uk | Gilesperice@lycos.co.uk | ewssvcvof
19861 | Philbertram@Baddabing.org | Philbertram@Baddabing.org | jfwahv
19862 | Lucienneils@aol.com | Lucienneils@aol.com | rklinrhad
19863 | Valentinacobb@white-star.com | Valentinacobb@white-star.com | blabdq
19864 | Haydenelroy@lycos.com | Haydenelroy@lycos.com | wxhpqprm
19865 | Eugenepattie@lycos.com | Eugenepattie@lycos.com | bdgexngw
19866 | casuald@hotmail.co.uk | casuald@hotmail.co.uk
19867 | Geneangelico@imap.cc | Geneangelico@imap.cc | jbsyfr
19868 | garryYeo@aol.com | garryYeo@aol.com
19869 | danielgarvey2001@yahoo.co.uk | danielgarvey2001@yahoo.co.uk | welbeck
19870 | catenorfolk@lineone.net | catenorfolk@lineone.net
19871 | tlangley291@aol.com | tlangley291@aol.com | damien
19872 | tlangley291@aol.com | tlangley291@aol.com | damien
19873 | tracywyatt04@aol.com | tracywyatt04@aol.com | angelica
19874 | JANICEBEAL@AOL.COM | JANICEBEAL@AOL.COM | 301298
19875 | Alexanderalyosha@ReptileMan.net | Alexanderalyosha@ReptileMan.net | adoweyjv
19876 | Jaredcarlin@searchbits.com | Jaredcarlin@searchbits.com | iolpnjdr
19877 | Antoniapatin@DisconnectedYouth.com | Antoniapatin@DisconnectedYouth.com | qogiey
19878 | Elladarrell@GamecocksRule.net | Elladarrell@GamecocksRule.net | jmhtikej
19879 | Paulsig@aol.com | Paulsig@aol.com | deaoybtp
19880 | Kingspike@HornedfrogsRule.com | Kingspike@HornedfrogsRule.com | dgkpjumoj
19881 | lained79l@yahoo.co.uk | lained79l@yahoo.co.uk
19882 | glennddl@hotmail.com | glennddl@hotmail.com
19883 | guytricks@oink.co.uk | guytricks@oink.co.uk | cottage
19884 | vh004i2827@blueyonder.co.uk | vh004i2827@blueyonder.co.uk
19885 | dearmjdear@aol.com | dearmjdear@aol.com | triumph
19886 | lukedstyles@yahoo.co.uk | lukedstyles@yahoo.co.uk | babygirl
19887 | kimknight34@hotmail.com | kimknight34@hotmail.com | bottletop
19888 | mjb2001@easy.com | mjb2001@easy.com | huddersfield
19889 | lel.white@ntlworld.com | lel.white@ntlworld.com | sophie
19890 | p.kitson@virgin.net | p.kitson@virgin.net | morpheus
19891 | sallycarlyon@hotmail.com | sallycarlyon@hotmail.com | 22101967
19892 | tania.ziegler@btinternet.com | tania.ziegler@btinternet.com | phoebe
19893 | Elvirabarny@imneverwrong.com | Elvirabarny@imneverwrong.com | jjekwnyil
19894 | Charlesdennet@hotmail.com | Charlesdennet@hotmail.com | ldujvb
19895 | Craigudall@lycos.co.uk | Craigudall@lycos.co.uk | diqfwogo
19896 | scfeacey@hotmail.com | scfeacey@hotmail.com | gloserve
19897 | Vitoobed@HaulinAss.net | Vitoobed@HaulinAss.net | lssoedj
19898 | Toddulrick@hotmail.com | Toddulrick@hotmail.com | yhhdcc
19899 | Quintinaclair@aol.com | Quintinaclair@aol.com | kpoxck
19900 | Kenpietrek@aol.com | Kenpietrek@aol.com | gqfobs
19901 | Eleanorevaughn@pool-sharks.com | Eleanorevaughn@pool-sharks.com | iyvspa
19902 | Edisonbarr@mysantaclause.com | Edisonbarr@mysantaclause.com | aebrpdc
19903 | larder_andrew@yahoo.co.uk | larder_andrew@yahoo.co.uk | banwell
19904 | myBargains@uk2.net | myBargains@uk2.net | banwell
19905 | tim.corken@uk.thalesgroup.com | tim.corken@uk.thalesgroup.com | lenhewolway
19906 | hilarym@myedinburgh.org | hilarym@myedinburgh.org
19907 | dybaldtt@post.com | dybaldtt@post.com
19908 | michaelbrooker@blueyonder.co.uk | michaelbrooker@blueyonder.co.uk | merlin
19909 | ftjunkemail@hotmail.com | ftjunkemail@hotmail.com | muffin
19910 | gilesmoulden@hotmail.com | gilesmoulden@hotmail.com | allegro
19911 | tiggyloo@yahoo.com | tiggyloo@yahoo.com | almond
19912 | kaz7263@aol.com | kaz7263@aol.com | myrtle
19913 | PlumbingDuncans@AOL.com | PlumbingDuncans@AOL.com | Plumbers
19914 | pinkulouu@yahoo.co.uk | pinkulouu@yahoo.co.uk | kefpolhin
19915 | ANDREWTRACEY@STOCKTONHEATH15.FSNET.CO.UK | ANDREWTRACEY@STOCKTONHEATH15.FSNET.CO.UK | andy1234
19916 | bosco30@usa.com | bosco30@usa.com
19917 | vjl7@yahoo.com | vjl7@yahoo.com
19918 | robertdmyers@tiscali.co.uk | robertdmyers@tiscali.co.uk | ymm12122
19919 | bakl907@aol.com | bakl907@aol.com
19920 | Dorisderry@sunsgame.com | Dorisderry@sunsgame.com | ekxsofnb
19921 | Janicecordie@FunkItUp.net | Janicecordie@FunkItUp.net | blfjhgmwy
19922 | Althealee@LetsPlayPool.net | Althealee@LetsPlayPool.net | mbkkstw
19923 | noorali5@googlemail.com | | 786110
19924 | revillejames@hotmail.com | revillejames@hotmail.com | teresa
19925 | normanmlodecki@hotmail.com | normanmlodecki@hotmail.com | norman
19926 | magpie17_2000@yahoo.co.uk | magpie17_2000@yahoo.co.uk | beherenow
19927 | SPARKY2320042000@yahoo.co.uk | SPARKY2320042000@yahoo.co.uk | teegan
19928 | eandcgirl14@yahoo.com | eandcgirl14@yahoo.com | chrisjericho
19929 | BARBAKIS@AOL.COM | BARBAKIS@AOL.COM | PRINCE
19930 | killthesouthernbelle@hotmail.com | killthesouthernbelle@hotmail.com | vancouver
19931 | yed001@hotmail.com | yed001@hotmail.com | shopping
19932 | balent@europe.com | balent@europe.com
19933 | fredmh@playful.com | fredmh@playful.com
19934 | jphakizimana@yahoo.fr | jphakizimana@yahoo.fr | state
19935 | Janetemanuele@uk-mail.net | Janetemanuele@uk-mail.net | btuvkimf
19936 | Otisignace@GoldenBearsRule.net | Otisignace@GoldenBearsRule.net | pmdhlfsgi
19937 | Merlecarny@lycos.com | Merlecarny@lycos.com | hnelkr
19938 | Tristamatthew@lycos.com | Tristamatthew@lycos.com | kpiuox
19939 | Boydmuhammad@lycos.com | Boydmuhammad@lycos.com | bprwyg
19940 | romeo25@hot-shot.com | romeo25@hot-shot.com
19941 | scott@lee6969.wanadoo.co.uk | scott@lee6969.wanadoo.co.uk | ralphy
19942 | saskinaszo@hotmail.com | saskinaszo@hotmail.com | karate
19943 | javeryqn@yahoo.co.uk | javeryqn@yahoo.co.uk
19944 | mvrcie1@representative.com | mvrcie1@representative.com
19945 | geordie322--1@yahoo.co.uk | geordie322--1@yahoo.co.uk | hannah
19946 | Alexandertomaso@letsstartover.com | Alexandertomaso@letsstartover.com | nhfgeyr
19947 | Griffithderby@hotmail.com | Griffithderby@hotmail.com | mpbkrcqo
19948 | Bardjameson@aol.com | Bardjameson@aol.com | ajqcsa
19949 | Amandakalle@aol.com | Amandakalle@aol.com | rjuiael
19950 | Rosalindskylar@SaveRhinos.com | Rosalindskylar@SaveRhinos.com | ctfsbyl
19951 | Felixyehudi@lycos.com | Felixyehudi@lycos.com | lqfcemv
19952 | Sherrymarius@aol.com | Sherrymarius@aol.com | ogdqunjs
19953 | Haleyrowan@turtles.de | Haleyrowan@turtles.de | iphnfp
19954 | Wandacraig@Ohmigod.com | Wandacraig@Ohmigod.com | ycxvyk
19955 | Lindsayyehudi@fmgirl.com | Lindsayyehudi@fmgirl.com | bbfaqap
19956 | agreer@saintly.com | agreer@saintly.com
19957 | jtgale@email.com | jtgale@email.com | college
19958 | hughtwyford@hotmail.com | hughtwyford@hotmail.com | woodbrook
19959 | alimutimer@sky.com | bn@live.ca | piglet
19960 | joysee70@msn.com | joysee70@msn.com | PUDDLES
19961 | paul.suz@tiscali.co.uk | paul.suz@tiscali.co.uk | DICKOV
19962 | Mooremarv@hotmail.com | Mooremarv@hotmail.com | bdmwpis
19963 | Marlonderk@menareidiots.com | Marlonderk@menareidiots.com | avffidtta
19964 | Alstonulberto@GetMedieval.net | Alstonulberto@GetMedieval.net | dcxmblwu
19965 | Gladysjarrid@lycos.co.uk | Gladysjarrid@lycos.co.uk | yvybhejyp
19966 | Dwightambrosi@fast-mail.org | Dwightambrosi@fast-mail.org | hripinejf
19967 | Marjoriehakim@sunsgame.com | Marjoriehakim@sunsgame.com | rtikjqk
19968 | Fannybrice@BoardSlider.net | Fannybrice@BoardSlider.net | mvbaydph
19969 | craigpheasant@uk2.net | craigpheasant@uk2.net | foxfield
19970 | alizcastle_ayr@tiscali.co.uk | alizcastle_ayr@tiscali.co.uk | spitfire
19971 | mybgstuf@mindless.com | mybgstuf@mindless.com
19972 | colli16@aol.com | colli16@aol.com | yogibear
19973 | gooe2004@hotmail.com | gooe2004@hotmail.com | 0105610118
19974 | lavwill@studentfreestuff.com | lavwill@studentfreestuff.com
19975 | nathanielvojne@mail2beatles.com | nathanielvojne@mail2beatles.com | 1palaeontolo
19976 | longlegs28377424@aol.com | longlegs28377424@aol.com | ronaldo
19977 | dimuthx@hotmail.com | dimuthx@hotmail.com | xhtumid
19978 | vengoddard@msn.com | vengoddard@msn.com | jannes84
19979 | jptbre@iname.com | jptbre@iname.com
19980 | altaf_5@hotmail.com | altaf_5@hotmail.com | rahman
19981 | la_fraser@yahoo.com | la_fraser@yahoo.com | kalimac
19982 | nicosky@btinternet.com | nicosky@btinternet.com | frogslegs23
19983 | dansonmaz@aol.com | dansonmaz@aol.com | kirsty99
19984 | colin96@tiscali.co.uk | colin96@tiscali.co.uk | 240754
19985 | SharmaineAfferion411@yahoo.co.uk | SharmaineAfferion411@yahoo.co.uk
19986 | jayne.nightingale@btinternet.com | jayne.nightingale@btinternet.com | oasis
19987 | sam.crane@rlb-law.com | sam.crane@rlb-law.com | louie1
19988 | owenmdaniel@hotmail.com | owenmdaniel@hotmail.com | llewelyn
19989 | paul.king830@ntlworld.com | paul.king830@ntlworld.com | sophie
19990 | ianwheadon@lineone.net | ianwheadon@lineone.net | european
19991 | michelle-ep78@talktalk.net | michelle-ep78@talktalk.net | dunraven
19992 | steve@gardeners44.fsnet.co.uk | steve@gardeners44.fsnet.co.uk | finch
19993 | steve@gardeners44.fsnet.co.uk | steve@gardeners44.fsnet.co.uk | finch
19994 | dean_mon@tigerwild.fsnet.co.uk | dean_mon@tigerwild.fsnet.co.uk | buffy
19995 | jamesculcheth@yahoo.co.uk | jamesculcheth@yahoo.co.uk | mickey12
19996 | maggie52@tiscali.co.uk | maggie52@tiscali.co.uk | egyptian
19997 | ltopping@fsmail.net | ltopping@fsmail.net | louise
19998 | fairmaiden_uk@hotmail.com | fairmaiden_uk@hotmail.com | tigger
19999 | truthful110@rediffmail.com | truthful110@rediffmail.com | sanchita
20000 | smithyg04@yahoo.co.uk | smithyg04@yahoo.co.uk | manufc
20001 | matthewv@tinyworld.co.uk | matthewv@tinyworld.co.uk | matthew01753
20002 | steve@pacehosts.com | steve@pacehosts.com | merseypa
20003 | johnlincsuk@yahoo.co.uk | johnlincsuk@yahoo.co.uk | striders
20004 | lynworswick@hotmail.com | lynworswick@hotmail.com | Charmouth
20005 | andrewpaul.myers@btopenworld.com | andrewpaul.myers@btopenworld.com | dodger14
20006 | iandeok@catlover.com | iandeok@catlover.com | felled
20007 | p.gotham@btinternet.com | p.gotham@btinternet.com | Brien
20008 | steve_endersby@yahoo.com | steve_endersby@yahoo.com | HANDSOMEONE
20009 | Darren@drf-auto-imports.co.uk | Darren@drf-auto-imports.co.uk | 30kathy30
20010 | pmendonca@tiscali.co.uk | pmendonca@tiscali.co.uk | nicole
20011 | richardbirch3@hotmail.com | richardbirch3@hotmail.com | downunder3
20012 | 4watsons@rivclo.fsnet.co.uk | | gunners
20013 | w.craynor@ntlworld.com | w.craynor@ntlworld.com | rosbil1322
20014 | bwestie123@aol.com | bwestie123@aol.com | christy
20015 | mark@maxq.freeserve.co.uk | mark@maxq.freeserve.co.uk | sparky
20016 | patriciagardiner@tiscali.co.uk | patriciagardiner@tiscali.co.uk | iloveyou
20017 | june_mcshane@hotmail.com | june_mcshane@hotmail.com | parent
20018 | june_mcshane@hotmail.com | june_mcshane@hotmail.com | parent
20019 | cleos2@hotmail.com | cleos2@hotmail.com | sussudio
20020 | yersinia9999@yahoo.com | yersinia9999@yahoo.com | boban678
20021 | rosie.whitley@ntlworld.com | rosie.whitley@ntlworld.com | tasmin
20022 | kim_e_candoit@yahoo.com | kim_e_candoit@yahoo.com | player10
20023 | chutneyjo@ntlworld.com | chutneyjo@ntlworld.com | georgia
20024 | sarah_pilcher@hotmail.co.uk | sarah_pilcher@hotmail.co.uk | perdita
20025 | iclose400@hotmail.com | | louise
20026 | adguard999-ecash@yahoo.co.uk | | udnibudnib
20027 | f.mair@ntlworld.com | f.mair@ntlworld.com | skipper2000
20028 | judithpow@tesco.net | judithpow@tesco.net | elizabeth
20029 | sbarnes0901@aol.com | sbarnes0901@aol.com | castella
20030 | msamsul@hotmail.com | marifeen
20031 | delight_org_desol@yahoo.co.uk
20032 | kylamiddleditch@hotmail.com | kathleen
20033 | linchenke@hotmail.com | 123456
20034 | FROSTTON@AOL.COM | asd567
20035 | JAM-26@LYCOS.CO.UK | ZULUDAWN
20036 | wgodwike@yours.com
20037 | kyemal@btinternet.com | kyemal99
20038 | bsmith847@aol.com | yorkshire
20039 | sweetnada2000@hotmail.com | sweetnada
20040 | Dorianbowman@aol.com | louise
20041 | hilary.pointer@tinyworld.co.uk | garfield
20042 | nthrop@hotmail.com | sales@notjust4girls.co.uk | jorden
20043 | lisa.mts@btinternet.com | jordyboy1
20044 | ryanbradbury@gmail.com | lattencom27
20045 | allacooper@ntlworld.com | labrador
20046 | shaz1558@hotmail.co.uk | 01254696776
20047 | viralph@servlux.fsnet | winter
20048 | rebeccagaudian@Aol.com
20049 | diamond_girl@ua.fm | zhopa
20050 | jenni.gordon@ntlworld.com | innejg
20051 | karenb1108@msn.com | millie0907
20052 | terry_casserley@yahoo.co.uk | universe
20053 | dev_sm@hotmail.com | lucky
20054 | deniz@turanlar.org | 123456
20055 | deepak@poddar.wanadoo.co.uk | shrish
20056 | angieingram1961@msn.com | kotty1
20057 | sandy_koolart@hotmail.com | bullet
20058 | darrenmessenger@hotmail.com | dilbert
20059 | stephen.cooke@gmail.com | thecat01
20060 | tonyjacks@hotmail.com | orange
20061 | cdrewr@cutey.com
20062 | richard@richardhodgkinson.wanadoo.co.uk | coryelle
20063 | petezarustica@mail.ru | skeleton
20064 | casbah2004@msn.com
20065 | fbhayat123@winningteam.com | manutd
20066 | ellenau@ctimail.com | 25442828
20067 | alison.feeley@ntlworld.com | keeping
20068 | ssukhar@mail.ru | inwoodroad
20069 | dimrie2003@yahoo.co.uk | maxjormel
20070 | send2stuart@btinternet.com | splitscreen
20071 | darrenlynsey@hotmail.com | lynsey
20072 | pearcesathome@talktalk.net | | corrado 
20073 | a.rippon@ntlworld.com | million
20074 | WAYNEACOOMBS@AOL.COM | CONNOR
20075 | ROBERTA.SAVAGE@VIRGIN.NET | HELENA
20076 | rob_martin1@sky.com | | Bu66er1t
20077 | dcdickd@yahoo.com
20078 | kerrygeoff.payne@tesco.net | stacey
20079 | solanafola@aol.com | double1
20080 | roybirkin@yahoo.co.uk | huthwaite
20081 | bainybob@tiscali.co.uk | | strokes28
20082 | glenyshughes2cal@hotmail.co.uk | HOLLYMOSS
20083 | julesfrancis@blueyonder.co.uk | discombe28
20084 | intellex@qtm.ru | 000000
20085 | topeterto@yahoo.co.uk | h7824h
20086 | cjstone07@aol.com | london22
20087 | brandy3@fsmail.net
20088 | silverbold_cheetha@hotmail.com | mwaqas
20089 | mitchell679427@aol.com | | brandon
20090 | patgains@hotmail.com | dangerous
20091 | picnic1167@msn.com | rosemary
20092 | harold.morgan@ntlworld.com | winniethepoo
20093 | niamh9@btopenworld.com | | jasper
20094 | innes32@tiscali.co.uk | guinnes
20095 | claireldean@blueyonder.co.uk | maggie
20096 | don.moakes@ntlworld.com | skintagain
20097 | gazebomac@netbreeze.co.uk | mcleod
20098 | hansgurmeet@yahoo.co.uk | gurmeet
20099 | andrea.critchley@ntlworld.com | dazzleand
20100 | seema@diva-beautysalon.com | sehgal
20101 | mima1129@live.co.uk | | evilc
20102 | amcarthur25@aol.com
20103 | my5056@hotmail.com | 775056
20104 | peterstone46@yahoo.co.uk | railway
20105 | samantha_851@hotmail.com | morganl
20106 | pradnya_14@hotmail.com | custardapple
20107 | andym@mail2travel.com | goodcashback
20108 | trhislop@supanet.com | stephanie
20109 | liannebe@yahoo.com | mrwilson
20110 | kirstiebray@manx.net | robert
20111 | marcus.w.chan@citigroup.com | emmafrost
20112 | ksbg02494@blueyonder.co.uk | shiebs
20113 | bee.kelly@ntlworld.com | joshua
20114 | ham@hotmail.com | chris.b
20115 | smileyd198@yahoo.co.uk | touche
20116 | markie2002uk@hotmail.com | 18101968
20117 | blueblagger@hotmail.com | Chelsea
20118 | terenceowens@supanet.com | tango
20119 | peter.brock@za.bp.com | wacko12
20120 | jarnott@three.com | jarnott
20121 | janovleyland@aol.com | laguna
20122 | alex@moobol.co.uk | newyork
20123 | suzandpete@btopenworld.com | silmar
20124 | Danichacha786@hotmail.com | bu5hra
20125 | karen-jackson@blueyonder.co.uk | scooby1
20126 | n.tokunaga@tokunaga.demon.co.uk | Zero0021
20127 | montse_lopez_uk@yahoo.co.uk | laras
20128 | JAMESG310@MSN.COM | RACEHORSE
20129 | angela.syme@cwcom.co.uk | garry
20130 | edilo4real2004@yahoo.com | ikedingba
20131 | k.lane70@ntlworld.com | 3deano
20132 | k22174@aol.com | butcher
20133 | saaddoun@yahoo.com | sinjar2005
20134 | Jane.Swain@derbyshire.gov.uk | j1527j
20135 | zeenatkhalid2000@yahoo.co.uk | FREEDOM
20136 | twentyfourpoints@sky.com | twentyfourpoints@sky.com | ball72not
20137 | barrman12342003@yahoo.com | crossover
20138 | nickbar113@sky.com | nickbar113@aol.com | bella1
20139 | gul_ansari@hotmail.com | 13april
20140 | apbartholomew@gmail.com | apbartholomew@gmail.com | comno39the
20141 | rhayton@gmail.com | | cftkin
20142 | mgi72@aol.com | btgplc
20143 | denisscoulding@tiscali.co.uk | babes
20144 | emma2holman@aol.com | noodle
20145 | patricia.a.oneill@royalmail.com | hazelwood1
20146 | samreenakamran@yahoo.co.uk | teacher2066
20147 | c.mccormick3@ntlworld.com | jakejess
20148 | drainy1982@yahoo.co.uk | bradley
20149 | sahnavaz4u@hotmail.com | loverizwana
20150 | ntyxjakf@nottingham.ac.uk | nottm
20151 | dskimcbski@yahoo.co.uk | elemental
20152 | kisenuk@yahoo.co.uk | kisen1
20153 | pdemecz@yahoo.com | istvan
20154 | frankiemay@aol.com | duchess
20155 | holmesjr1@supanet.com | holmesjr1@supanet.com | d245363x
20156 | dj_gemini00@yahoo.co.uk | gemma
20157 | i_pearson@btinternet.com | SOFTLY
20158 | executioner88@hotmail.com | death
20159 | pamela@ballynafeighha.co.uk | lambes
20160 | naz_97@hotmail.com | naz0701
20161 | lucyizzyrichard@yahoo.com | isabella
20162 | nasreen_khan1@HOTMAIL.COM | monzur
20163 | ssmith@lawblacks.com | Mollydolly1
20164 | elaineconn1@activemail.co.uk | liverpool
20165 | antonio.delgaudio@ntlworld.com | katiexxx
20166 | angie_james_robbie01@btinternet.com | jamesrobbie
20167 | geoff@birchcottage.co.uk | balloon
20168 | rwilliamson@merseymail.co.uk | everton
20169 | amorjohn@hotmail.com | yolanda
20170 | andrewmoore_477@hotmail.com | nightshirt
20171 | deenn22@yahoo.com | mojeed
20172 | caroline99@ntlworld.com | 6473499
20173 | MIKEGREEN2327@AOL.COM | LATICS
20174 | beckytheo@hotmail.com | surveys
20175 | eva8563@yahoo.com.cn | 848563222
20176 | chunlinjia@netscape.net | 62021151563
20177 | krystle77@aol.com | westlife
20178 | SarahRainbowGirl@aol.com | rainbow
20179 | icecreamtruckdriver@hotmail.com | rudyray
20180 | ml_ismail@hotmail.com | hazrat
20181 | dawnjukes@copperstream.co.uk | | waterloo
20182 | johnpenn@tesco.net | anulanep
20183 | david.watson@smith-nephew.com | anita
20184 | chris_applegate_84@hotmail.com | wikidwikid99
20185 | juneshaun@yahoo.co.uk | TYRA01
20186 | n.pedgrift@tiscali.co.uk | liverpool
20187 | nataliedmc@hotmail.com | 28058022
20188 | ahmed74@tiscali.co.uk | dalida
20189 | jackieclev@tiscali.co.uk | Chowchow
20190 | s_e_m_chapman@hotmail.com | sootya
20191 | candicepieter@aol.com | djr1403
20192 | melspur@aol.com | ledley
20193 | lil_miss_kayleigh@hotmail.com | mnbvcxz
20194 | MAGGIEMC333@HOTMAIL.COM | CAROLINE
20195 | paulj92@hotmail.com | carolyn
20196 | cvictoriad@yahoo.co.uk | VCD63vicky
20197 | maxrazak@yahoo.com | wellborn
20198 | mcurley@scd.ie | queenbetty
20199 | michelle@allserve.com | pass
20200 | Editha@maycheng.fsnet.co.uk
20201 | helena@wats06.fsnet.co.uk | theboo
20202 | crosskj@earthling.net
20203 | revjfr@realtyagent.com
20204 | msvnhoney@aol.com | scruffy
20205 | lisacroke401@yahoo.co.uk | leegoulden@ntlworld.com | p3t3r3
20206 | radioplustech@servihoo.com | london
20207 | stephen@paigeworld.fsnet.co.uk
20208 | lena_milliner@hotmail.co.uk | zz9pza
20209 | nicola.waller@lycos.co.uk
20210 | mikehysiak@msn.com | napier
20211 | bigjoe@yahoo.com | bigjoe
20212 | mwalledge@btinternet.com | chaucer
20213 | keiran_w116@hotmail.com | goldie
20214 | tracey1.cross@virgin.net | sugaring
20215 | paulkole@aol.com | traderz
20216 | teatseven@ntlworld.com | andrew
20217 | bruf3el@hot-shot.com
20218 | Pam_Hubbard@msn.com
20219 | chooflafla@hotmail.com | wateriswet
20220 | gwengriffith@aol.com | bethan
20221 | lyn.fairway@stampless.co.uk | eagles
20222 | stargate_lad@hotmail.com | siannich
20223 | ghazimalik@hotmail.com | shary
20224 | a.ganer@ntlworld.com | semerka7
20225 | benriordan88@hotmail.com | internet
20226 | ellarae101@hotmail.com | 1914108116
20227 | carlycharalambou@hotmail.com | carlz79
20228 | david.bain17@ntlworld.com | tombraider
20229 | tonytomma@aol.com | thomas
20230 | j.minett@btopenworld.com
20231 | rasco4love2005@yahoo.com | 567
20232 | rasco4love2005@yahoo.com | 567
20233 | simonofjesus@yahoo.com | sunday
20234 | hayleyhedger@hotmail.com
20235 | youngpv@westburyhall.freeserve.co.uk | anmaleve
20236 | millenniumtwo1@yahoo.co.uk | johnwayne
20237 | birgep@online.no | iimacat
20238 | cancedine2005@andinanet.net | psecyc
20239 | bev.tarrant@blueyonder.co.uk | benjamin
20240 | bigshrekeck@msn.com | scotland
20241 | marlondoogan@hotmail.com | madman
20242 | debs@dlockett.fsworld.co.uk | birthday
20243 | stephenisherwood4@msn.com | ishie1
